Scientific name,Group,Does it have a Wikipedia page?,QID,Present in the Species Richness Map,Present on the Map of National Interest,Present on the Map of International Interest,Present in the Map of species richness without Portuguese pages on Wikipedia
Brachycephalus verrucosus,Amphibian,Yes,Q20049478,Yes,Yes,Yes,No
Brachycephalus garbeanus,Amphibian,Yes,Q2923282,Yes,Yes,Yes,No
Ololygon atrata,Amphibian,Yes,Q917966,Yes,Yes,Yes,No
Dendropsophus cachimbo,Amphibian,Yes,Q2699401,Yes,Yes,Yes,No
Cycloramphus duseni,Amphibian,Yes,Q2237534,Yes,Yes,Yes,No
Brachycephalus pitanga,Amphibian,Yes,Q896634,Yes,Yes,Yes,No
Boana pardalis,Amphibian,Yes,Q1942962,Yes,Yes,Yes,No
Ololygon peixotoi,Amphibian,Yes,Q148791,Yes,Yes,Yes,No
Proceratophrys mantiqueira,Amphibian,Yes,Q18465520,Yes,Yes,Yes,No
Ameerega flavopicta,Amphibian,Yes,Q1348948,Yes,Yes,Yes,No
Phyllodytes gyrinaethes,Amphibian,Yes,Q2703095,Yes,Yes,Yes,No
Rhinella henseli,Amphibian,Yes,Q3429369,Yes,Yes,Yes,No
Cycloramphus parvulus,Amphibian,Yes,Q1935909,Yes,Yes,Yes,No
Ololygon catharinae,Amphibian,Yes,Q917952,Yes,Yes,Yes,No
Proceratophrys rotundipalpebra,Amphibian,Yes,Q15401929,Yes,Yes,Yes,No
Leptodactylus latrans,Amphibian,Yes,Q2238202,Yes,Yes,Yes,No
Scinax onca,Amphibian,Yes,Q41766241,Yes,Yes,Yes,No
Euparkerella cochranae,Amphibian,Yes,Q2237088,Yes,Yes,Yes,No
Brachycephalus didactylus,Amphibian,Yes,Q2700345,Yes,Yes,Yes,No
Chiasmocleis avilapiresae,Amphibian,Yes,Q4669910,Yes,Yes,Yes,No
Odontophrynus juquinha,Amphibian,Yes,Q41766226,Yes,Yes,No,No
Hyla imitator,Amphibian,Yes,Q3143873,Yes,Yes,Yes,No
Proceratophrys vielliardi,Amphibian,Yes,Q3406345,Yes,Yes,Yes,No
Holoaden luederwaldti,Amphibian,Yes,Q2237735,Yes,Yes,Yes,No
Dendrophryniscus carvalhoi,Amphibian,Yes,Q2701617,Yes,Yes,Yes,No
Ololygon hiemalis,Amphibian,Yes,Q1746599,Yes,Yes,Yes,No
Proceratophrys huntingtoni,Amphibian,Yes,Q3406335,Yes,Yes,Yes,No
Holoaden suarezi,Amphibian,Yes,Q2738905,Yes,Yes,Yes,No
Melanophryniscus cambaraensis,Amphibian,Yes,Q1941801,Yes,Yes,Yes,No
Ololygon albicans,Amphibian,Yes,Q136521,Yes,Yes,Yes,No
Brachycephalus auroguttatus,Amphibian,Yes,Q20049449,Yes,Yes,Yes,No
Ololygon pombali,Amphibian,Yes,Q18483964,Yes,Yes,Yes,No
Proceratophrys moratoi,Amphibian,Yes,Q27670321,Yes,Yes,Yes,No
Trachycephalus nigromaculatus,Amphibian,Yes,Q2703665,Yes,Yes,Yes,No
Ololygon agilis,Amphibian,Yes,Q136366,Yes,Yes,Yes,No
Dendropsophus pseudomeridianus,Amphibian,Yes,Q2702652,Yes,Yes,Yes,No
Bahius bilineatus,Amphibian,Yes,Q1593718,Yes,Yes,Yes,No
Trachycephalus mambaiensis,Amphibian,Yes,Q4678625,Yes,Yes,Yes,No
Bokermannohyla sagarana,Amphibian,Yes,Q2909225,Yes,Yes,Yes,No
Hylodes meridionalis,Amphibian,Yes,Q2237756,Yes,Yes,Yes,No
Boana guentheri,Amphibian,Yes,Q1942629,Yes,Yes,Yes,No
Julianus pinimus,Amphibian,Yes,Q2706313,Yes,Yes,Yes,No
Allobates brunneus,Amphibian,Yes,Q1936979,Yes,Yes,Yes,No
Paratelmatobius cardosoi,Amphibian,Yes,Q2238901,Yes,Yes,Yes,No
Gastrotheca albolineata,Amphibian,Yes,Q2208969,Yes,Yes,Yes,No
Dendropsophus limai,Amphibian,Yes,Q2700285,Yes,Yes,Yes,No
Ceratophrys joazeirensis,Amphibian,Yes,Q2946385,Yes,Yes,Yes,No
Pithecopus rohdei,Amphibian,Yes,Q28925868,Yes,Yes,Yes,No
Brachycephalus brunneus,Amphibian,Yes,Q1595532,Yes,Yes,Yes,No
Phyllodytes punctatus,Amphibian,Yes,Q2708378,Yes,Yes,Yes,No
Crossodactylodes bokermanni,Amphibian,Yes,Q2236966,Yes,Yes,Yes,No
Dendrophryniscus leucomystax,Amphibian,Yes,Q2702158,Yes,Yes,Yes,No
Chiasmocleis schubarti,Amphibian,Yes,Q2241818,Yes,Yes,Yes,No
Rhinella hoogmoedi,Amphibian,Yes,Q4672342,Yes,Yes,Yes,No
Allobates masniger,Amphibian,Yes,Q4676078,Yes,Yes,Yes,No
Ololygon faivovichi,Amphibian,Yes,Q3020971,Yes,Yes,Yes,No
Aplastodiscus ibirapitanga,Amphibian,Yes,Q773581,Yes,Yes,Yes,No
Trachycephalus lepidus,Amphibian,Yes,Q2707146,Yes,Yes,Yes,No
Bokermannohyla ahenea,Amphibian,Yes,Q2705683,Yes,Yes,Yes,No
Boana cambui,Amphibian,Yes,Q28006424,Yes,Yes,Yes,No
Aplastodiscus cavicola,Amphibian,Yes,Q426324,Yes,Yes,Yes,No
Proceratophrys strussmannae,Amphibian,Yes,Q3406344,Yes,Yes,Yes,No
Proceratophrys moehringi,Amphibian,Yes,Q2238408,Yes,Yes,Yes,No
Bokermannohyla ibitipoca,Amphibian,Yes,Q2702681,Yes,Yes,Yes,No
Scinax caldarum,Amphibian,Yes,Q920411,Yes,Yes,Yes,No
Adenomera saci,Amphibian,Yes,Q17600075,Yes,Yes,Yes,No
Phyllodytes amadoi,Amphibian,Yes,Q42335619,Yes,Yes,Yes,No
Physalaemus crombiei,Amphibian,Yes,Q2238891,Yes,Yes,Yes,No
Proceratophrys gladius,Amphibian,Yes,Q18619834,Yes,Yes,Yes,No
Rhinella magnussoni,Amphibian,Yes,Q4676934,Yes,Yes,Yes,No
Euparkerella cryptica,Amphibian,Yes,Q20160769,Yes,Yes,Yes,No
Adelophryne pachydactyla,Amphibian,Yes,Q2208616,Yes,Yes,Yes,No
Brachycephalus vertebralis,Amphibian,Yes,Q2698177,Yes,Yes,Yes,No
Phantasmarana jordanensis,Amphibian,Yes,Q125208028,Yes,No,Yes,Yes
Physalaemus lisei,Amphibian,Yes,Q2238954,Yes,Yes,Yes,No
Boana poaju,Amphibian,Yes,Q3144377,Yes,Yes,Yes,No
Cycloramphus bolitoglossus,Amphibian,Yes,Q2238110,Yes,Yes,Yes,No
Proceratophrys appendiculata,Amphibian,Yes,Q924784,Yes,Yes,Yes,No
Dendropsophus ruschii,Amphibian,Yes,Q2699871,Yes,Yes,Yes,No
Adelophryne michelin,Amphibian,Yes,Q90884101,Yes,Yes,Yes,No
Ischnocnema surda,Amphibian,Yes,Q3155180,Yes,Yes,Yes,No
Brachycephalus izecksohni,Amphibian,Yes,Q1596175,Yes,Yes,Yes,No
Sphaenorhynchus prasinus,Amphibian,Yes,Q2711858,Yes,Yes,Yes,No
Ischnocnema karst,Amphibian,Yes,Q3155173,Yes,Yes,Yes,No
Bolitoglossa paraensis,Amphibian,Yes,Q2382231,Yes,Yes,Yes,No
Anomaloglossus apiau,Amphibian,Yes,Q19508620,Yes,Yes,Yes,No
Gastrotheca recava,Amphibian,Yes,Q3099237,Yes,Yes,Yes,No
Leptodactylus sertanejo,Amphibian,Yes,Q4677729,Yes,Yes,Yes,No
Pseudis fusca,Amphibian,Yes,Q850542,Yes,Yes,Yes,No
Bokermannohyla itapoty,Amphibian,Yes,Q2909227,Yes,Yes,Yes,No
Bokermannohyla caramaschii,Amphibian,Yes,Q2706335,Yes,Yes,Yes,No
Allobates crombiei,Amphibian,Yes,Q2838401,Yes,Yes,Yes,No
Dryaderces inframaculata,Amphibian,Yes,Q28049888,Yes,Yes,Yes,No
Gastrotheca megacephala,Amphibian,Yes,Q3099232,Yes,Yes,Yes,No
Scinax eurydice,Amphibian,Yes,Q28184,Yes,Yes,Yes,No
Allobates subfolionidificans,Amphibian,Yes,Q4672304,Yes,Yes,Yes,No
Ololygon strigilata,Amphibian,Yes,Q2706750,Yes,Yes,Yes,No
Chiasmocleis quilombola,Amphibian,Yes,Q17459621,Yes,Yes,Yes,No
Allobates caeruleodactylus,Amphibian,Yes,Q1343414,Yes,Yes,Yes,No
Oreobates antrum,Amphibian,No,NA,Yes,No,No,Yes
Sphaenorhynchus surdus,Amphibian,Yes,Q2712832,Yes,Yes,Yes,No
Paratelmatobius gaigeae,Amphibian,Yes,Q2698823,Yes,Yes,Yes,No
Crossodactylus caramaschii,Amphibian,Yes,Q2237667,Yes,Yes,Yes,No
Ololygon littoralis,Amphibian,Yes,Q140179,Yes,Yes,Yes,No
Corythomantis greeningi,Amphibian,Yes,Q2700678,Yes,Yes,Yes,No
Sphaenorhynchus mirim,Amphibian,Yes,Q3493091,Yes,Yes,Yes,No
Allobates tinae,Amphibian,Yes,Q55760257,Yes,No,Yes,Yes
Leptodactylus notoaktites,Amphibian,Yes,Q2237882,Yes,Yes,Yes,No
Sphaenorhynchus planicola,Amphibian,Yes,Q2714193,Yes,Yes,Yes,No
Phyllodytes kautskyi,Amphibian,Yes,Q2707915,Yes,Yes,Yes,No
Dendropsophus giesleri,Amphibian,Yes,Q2701648,Yes,Yes,Yes,No
Fritziana fissilis,Amphibian,Yes,Q28046882,Yes,Yes,Yes,No
Chiasmocleis lacrimae,Amphibian,Yes,Q20054033,Yes,Yes,Yes,No
Adelophryne glandulata,Amphibian,Yes,Q18552370,Yes,Yes,Yes,No
Fritziana izecksohni,Amphibian,Yes,Q56350035,Yes,Yes,No,No
Physalaemus erythros,Amphibian,Yes,Q2239278,Yes,Yes,Yes,No
Physalaemus evangelistai,Amphibian,Yes,Q2239675,Yes,Yes,Yes,No
Oscaecilia hypereumeces,Amphibian,Yes,Q1942535,Yes,Yes,Yes,No
Pseudopaludicola atragula,Amphibian,Yes,Q18123763,Yes,Yes,Yes,No
Pseudis cardosoi,Amphibian,Yes,Q853142,Yes,Yes,Yes,No
Dendropsophus pauiniensis,Amphibian,Yes,Q2701902,Yes,Yes,Yes,No
Dendrophryniscus organensis,Amphibian,Yes,Q3022398,Yes,Yes,Yes,No
Amazophrynella manaos,Amphibian,Yes,Q15551700,Yes,Yes,Yes,No
Aplastodiscus albosignatus,Amphibian,Yes,Q773554,Yes,Yes,Yes,No
Chthonerpeton braestrupi,Amphibian,Yes,Q1941465,Yes,Yes,Yes,No
Chiasmocleis cordeiroi,Amphibian,Yes,Q2241832,Yes,Yes,Yes,No
Ceratophrys aurita,Amphibian,Yes,Q1391753,Yes,Yes,Yes,No
Ameerega berohoka,Amphibian,Yes,Q17332356,Yes,Yes,Yes,No
Nyctimantis pomba,Amphibian,Yes,Q15648454,Yes,Yes,Yes,No
Ololygon rizibilis,Amphibian,Yes,Q2704087,Yes,Yes,Yes,No
Boana crepitans,Amphibian,Yes,Q2214054,Yes,Yes,Yes,No
Ololygon melanodactyla,Amphibian,Yes,Q20061179,Yes,No,Yes,Yes
Ololygon obtriangulata,Amphibian,Yes,Q2703982,Yes,Yes,Yes,No
Boana freicanecae,Amphibian,Yes,Q1942742,Yes,Yes,Yes,No
Dendrophryniscus berthalutzae,Amphibian,Yes,Q2701948,Yes,Yes,Yes,No
Rhinatrema ron,Amphibian,Yes,Q3429346,Yes,Yes,Yes,No
Physalaemus albifrons,Amphibian,Yes,Q2238415,Yes,Yes,Yes,No
Dendrophryniscus oreites,Amphibian,Yes,Q3022400,Yes,Yes,Yes,No
Chiasmocleis gnoma,Amphibian,Yes,Q1594391,Yes,Yes,Yes,No
Phyllodytes maculosus,Amphibian,Yes,Q3012924,Yes,Yes,Yes,No
Phyllomedusa distincta,Amphibian,Yes,Q2700902,Yes,Yes,Yes,No
Ololygon canastrensis,Amphibian,Yes,Q918015,Yes,Yes,Yes,No
Ololygon v-signata,Amphibian,Yes,Q2705654,Yes,Yes,Yes,No
Leptodactylus ochraceus,Amphibian,Yes,Q4668777,Yes,Yes,Yes,No
Hyalinobatrachium muiraquitan,Amphibian,Yes,Q30937231,Yes,Yes,No,No
Phrynomedusa bokermanni,Amphibian,Yes,Q2704916,Yes,Yes,Yes,No
Phasmahyla lisbella,Amphibian,Yes,Q54811014,Yes,No,Yes,Yes
Ischnocnema holti,Amphibian,Yes,Q28021848,Yes,Yes,Yes,No
Allobates bacurau,Amphibian,Yes,Q25385212,Yes,Yes,Yes,No
Brachycephalus tridactylus,Amphibian,Yes,Q2923290,Yes,Yes,Yes,No
Scinax sateremawe,Amphibian,Yes,Q19885867,Yes,Yes,Yes,No
Hylomantis granulosa,Amphibian,Yes,Q747607,Yes,Yes,Yes,No
Leptodactylus lauramiriamae,Amphibian,Yes,Q4666383,Yes,Yes,Yes,No
Brachycephalus mariaeterezae,Amphibian,Yes,Q20049424,Yes,Yes,Yes,No
Physalaemus moreirae,Amphibian,Yes,Q2239056,Yes,Yes,Yes,No
Boana paranaiba,Amphibian,Yes,Q3144376,Yes,Yes,Yes,No
Hylodes sazimai,Amphibian,Yes,Q2670369,Yes,Yes,Yes,No
Proceratophrys boiei,Amphibian,Yes,Q533599,Yes,Yes,Yes,No
Physalaemus deimaticus,Amphibian,Yes,Q2238329,Yes,Yes,Yes,No
Proceratophrys ararype,Amphibian,No,NA,Yes,No,No,Yes
Chiasmocleis atlantica,Amphibian,Yes,Q546139,Yes,Yes,Yes,No
Boana jaguariaivensis,Amphibian,Yes,Q18464199,Yes,Yes,Yes,No
Dendropsophus oliveirai,Amphibian,Yes,Q2699962,Yes,Yes,Yes,No
Proceratophrys schirchi,Amphibian,Yes,Q2237971,Yes,Yes,Yes,No
Chiasmocleis migueli,Amphibian,No,NA,Yes,No,No,Yes
Allobates goianus,Amphibian,Yes,Q4672881,Yes,Yes,Yes,No
Crossodactylus gaudichaudii,Amphibian,Yes,Q2237743,Yes,Yes,Yes,No
Pseudopaludicola saltica,Amphibian,Yes,Q2239770,Yes,Yes,Yes,No
Ischnocnema guentheri,Amphibian,Yes,Q3155169,Yes,Yes,Yes,No
Ischnocnema feioi,Amphibian,No,NA,Yes,No,No,Yes
Scinax maracaya,Amphibian,Yes,Q2707194,Yes,Yes,Yes,No
Leptodactylus cupreus,Amphibian,Yes,Q4676214,Yes,Yes,Yes,No
Scinax cabralensis,Amphibian,Yes,Q826577,Yes,Yes,Yes,No
Ololygon angrensis,Amphibian,Yes,Q136339,Yes,Yes,Yes,No
Scinax cretatus,Amphibian,Yes,Q3475828,Yes,Yes,Yes,No
Aplastodiscus albofrenatus,Amphibian,Yes,Q591792,Yes,Yes,Yes,No
Pristimantis paulodutrai,Amphibian,Yes,Q10808560,Yes,Yes,Yes,No
Fritziana ohausi,Amphibian,Yes,Q28047273,Yes,Yes,Yes,No
Physalaemus feioi,Amphibian,Yes,Q3381986,Yes,Yes,Yes,No
Physalaemus cicada,Amphibian,Yes,Q2239463,Yes,Yes,Yes,No
Ischnocnema randorum,Amphibian,Yes,Q28024111,Yes,Yes,Yes,No
Allobates gasconi,Amphibian,Yes,Q4687579,Yes,Yes,Yes,No
Anomaloglossus stepheni,Amphibian,Yes,Q28056530,Yes,Yes,Yes,No
Phyllomedusa burmeisteri,Amphibian,Yes,Q2705724,Yes,Yes,Yes,No
Hylodes ornatus,Amphibian,Yes,Q2699181,Yes,Yes,Yes,No
Dendropsophus microps,Amphibian,Yes,Q2699714,Yes,Yes,Yes,No
Dendrophryniscus proboscideus,Amphibian,Yes,Q22112556,Yes,Yes,Yes,No
Dendropsophus seniculus,Amphibian,Yes,Q2702328,Yes,Yes,Yes,No
Ololygon goya,Amphibian,No,NA,Yes,No,No,Yes
Ololygon ariadne,Amphibian,Yes,Q137653,Yes,Yes,Yes,No
Lysapsus caraya,Amphibian,Yes,Q2712786,Yes,Yes,Yes,No
Ischnocnema verrucosa,Amphibian,Yes,Q642649,Yes,Yes,Yes,No
Gastrotheca prasina,Amphibian,Yes,Q2400510,Yes,Yes,Yes,No
Proceratophrys paviotii,Amphibian,Yes,Q4682060,Yes,Yes,Yes,No
Euparkerella robusta,Amphibian,Yes,Q2237553,Yes,Yes,Yes,No
Dendropsophus walfordi,Amphibian,Yes,Q2700572,Yes,Yes,Yes,No
Leptodactylus pustulatus,Amphibian,Yes,Q2239664,Yes,Yes,Yes,No
Vitreorana franciscana,Amphibian,Yes,Q22009878,Yes,Yes,Yes,No
Melanophryniscus vilavelhensis,Amphibian,Yes,Q4681768,Yes,Yes,Yes,No
Proceratophrys goyana,Amphibian,Yes,Q2238987,Yes,Yes,Yes,No
Ololygon tripui,Amphibian,Yes,Q1281843,Yes,Yes,Yes,No
Thoropa taophora,Amphibian,Yes,Q4672251,Yes,Yes,Yes,No
Ololygon longilinea,Amphibian,Yes,Q541957,Yes,Yes,Yes,No
Adelophryne baturitensis,Amphibian,Yes,Q2208677,Yes,Yes,Yes,No
Leptodactylus viridis,Amphibian,Yes,Q2238833,Yes,Yes,Yes,No
Allobates nidicola,Amphibian,Yes,Q4672847,Yes,Yes,Yes,No
Ischnocnema erythromera,Amphibian,Yes,Q1592788,Yes,Yes,Yes,No
Brachycephalus boticario,Amphibian,Yes,Q20049451,Yes,Yes,Yes,No
Brachycephalus toby,Amphibian,Yes,Q2923286,Yes,Yes,Yes,No
Cycloramphus migueli,Amphibian,Yes,Q2237619,Yes,Yes,Yes,No
Melanophryniscus setiba,Amphibian,Yes,Q3304929,Yes,Yes,Yes,No
Aplastodiscus eugenioi,Amphibian,Yes,Q2713214,Yes,Yes,Yes,No
Sphaenorhynchus bromelicola,Amphibian,Yes,Q2711520,Yes,Yes,Yes,No
Scinax hayii,Amphibian,Yes,Q597061,Yes,Yes,Yes,No
Ololygon insperata,Amphibian,Yes,Q3475832,Yes,Yes,Yes,No
Chiasmocleis altomontana,Amphibian,No,NA,Yes,No,No,Yes
Dendropsophus haddadi,Amphibian,Yes,Q2701907,Yes,Yes,Yes,No
Fritziana goeldii,Amphibian,Yes,Q28047033,Yes,Yes,Yes,No
Scinax duartei,Amphibian,Yes,Q919687,Yes,Yes,Yes,No
Dendropsophus nahdereri,Amphibian,Yes,Q2699887,Yes,Yes,Yes,No
Bokermannohyla ibitiguara,Amphibian,Yes,Q2707904,Yes,Yes,Yes,No
Ololygon littorea,Amphibian,Yes,Q2031792,Yes,Yes,Yes,No
Osteocephalus camufatus,Amphibian,Yes,Q27995957,Yes,Yes,Yes,No
Hylodes heyeri,Amphibian,Yes,Q2237801,Yes,Yes,Yes,No
Ololygon tupinamba,Amphibian,Yes,Q3022969,Yes,No,Yes,Yes
Adelophryne mucronata,Amphibian,Yes,Q2824235,Yes,Yes,Yes,No
Pleurodema diplolister,Amphibian,Yes,Q2210007,Yes,Yes,Yes,No
Elachistocleis cesarii,Amphibian,Yes,Q3050373,Yes,Yes,Yes,No
Brasilotyphlus braziliensis,Amphibian,Yes,Q1304866,Yes,Yes,Yes,No
Phrynomedusa dryade,Amphibian,Yes,Q28801465,Yes,Yes,Yes,No
Bolitoglossa caldwellae,Amphibian,Yes,Q14448370,Yes,Yes,Yes,No
Bokermannohyla carvalhoi,Amphibian,Yes,Q2707140,Yes,Yes,Yes,No
Proceratophrys cururu,Amphibian,Yes,Q2239156,Yes,Yes,Yes,No
Brachycephalus curupira,Amphibian,Yes,Q33958331,Yes,Yes,Yes,No
Julianus camposseabrai,Amphibian,Yes,Q1286415,Yes,Yes,Yes,No
Rhinella inopina,Amphibian,Yes,Q3429371,Yes,Yes,Yes,No
Leptodactylus troglodytes,Amphibian,Yes,Q2239207,Yes,Yes,Yes,No
Physalaemus nanus,Amphibian,Yes,Q2238922,Yes,Yes,Yes,No
Brachycephalus quiririensis,Amphibian,Yes,Q20963715,Yes,Yes,Yes,No
Hylodes asper,Amphibian,Yes,Q2237577,Yes,Yes,Yes,No
Chiasmocleis capixaba,Amphibian,Yes,Q2240969,Yes,Yes,Yes,No
Scinax tigrinus,Amphibian,Yes,Q3475842,Yes,Yes,Yes,No
Ischnocnema abdita,Amphibian,Yes,Q3155163,Yes,Yes,Yes,No
Scinax rupestris,Amphibian,Yes,Q19869228,Yes,Yes,Yes,No
Cycloramphus eleutherodactylus,Amphibian,Yes,Q2237906,Yes,Yes,Yes,No
Dendropsophus anceps,Amphibian,Yes,Q2700817,Yes,Yes,Yes,No
Allobates juami,Amphibian,Yes,Q50208275,Yes,No,Yes,Yes
Adelphobates galactonotus,Amphibian,Yes,Q138476,Yes,Yes,Yes,No
Trachycephalus mesophaeus,Amphibian,Yes,Q763697,Yes,Yes,Yes,No
Bokermannohyla capra,Amphibian,Yes,Q2909212,Yes,Yes,Yes,No
Pseudis bolbodactyla,Amphibian,Yes,Q853548,Yes,Yes,Yes,No
Scinax tymbamirim,Amphibian,Yes,Q3475843,Yes,Yes,Yes,No
Leptodactylus flavopictus,Amphibian,Yes,Q2237874,Yes,Yes,Yes,No
Scinax juncae,Amphibian,Yes,Q2260284,Yes,Yes,Yes,No
Dendropsophus meridianus,Amphibian,Yes,Q2700564,Yes,Yes,Yes,No
Arcovomer passarellii,Amphibian,Yes,Q1817325,Yes,Yes,Yes,No
Nyctimantis bokermanni,Amphibian,Yes,Q773332,Yes,Yes,Yes,No
Pithecopus araguaius,Amphibian,Yes,Q47549058,Yes,Yes,Yes,No
Ischnocnema izecksohni,Amphibian,Yes,Q4679203,Yes,Yes,Yes,No
Melanophryniscus xanthostomus,Amphibian,Yes,Q22001588,Yes,Yes,Yes,No
Phyllodytes praeceptor,Amphibian,Yes,Q63163516,Yes,Yes,Yes,No
Bokermannohyla izecksohni,Amphibian,Yes,Q308753,Yes,Yes,Yes,No
Dendropsophus decipiens,Amphibian,Yes,Q2700482,Yes,Yes,Yes,No
Hylodes babax,Amphibian,Yes,Q2237686,Yes,Yes,Yes,No
Phyllomedusa bahiana,Amphibian,Yes,Q3012209,Yes,Yes,Yes,No
Paratelmatobius yepiranga,Amphibian,Yes,Q3363690,Yes,Yes,Yes,No
Brachycephalus margaritatus,Amphibian,Yes,Q2923285,Yes,Yes,Yes,No
Bokermannohyla alvarengai,Amphibian,Yes,Q2706290,Yes,Yes,Yes,No
Hylodes caete,Amphibian,Yes,Q30688914,Yes,Yes,Yes,No
Boana prasina,Amphibian,Yes,Q127433185,Yes,Yes,Yes,No
Ischnocnema manezinho,Amphibian,Yes,Q28023183,Yes,Yes,Yes,No
Ameerega munduruku,Amphibian,Yes,Q48884394,Yes,Yes,Yes,No
Dendropsophus bromeliaceus,Amphibian,Yes,Q42306485,Yes,Yes,Yes,No
Myersiella microps,Amphibian,Yes,Q2211739,Yes,Yes,Yes,No
Elachistocleis erythrogaster,Amphibian,Yes,Q2242854,Yes,Yes,Yes,No
Pseudopaludicola murundu,Amphibian,Yes,Q3409792,Yes,Yes,Yes,No
Physalaemus angrensis,Amphibian,Yes,Q4676402,Yes,Yes,Yes,No
Hylomantis aspera,Amphibian,Yes,Q2704560,Yes,Yes,Yes,No
Aplastodiscus arildae,Amphibian,Yes,Q773558,Yes,Yes,Yes,No
Dendropsophus cerradensis,Amphibian,Yes,Q2703393,Yes,Yes,Yes,No
Dendropsophus mapinguari,Amphibian,Yes,Q42306486,Yes,Yes,Yes,No
Ischnocnema lactea,Amphibian,Yes,Q4672873,Yes,Yes,Yes,No
Phyllodytes megatympanum,Amphibian,Yes,Q28932988,Yes,Yes,Yes,No
Boana atlantica,Amphibian,Yes,Q1942708,Yes,Yes,Yes,No
Nyctimantis galeata,Amphibian,Yes,Q110601953,Yes,No,Yes,Yes
Allobates vanzolinius,Amphibian,Yes,Q4672531,Yes,Yes,Yes,No
Ischnocnema concolor,Amphibian,Yes,Q3155165,Yes,Yes,Yes,No
Cycloramphus fuliginosus,Amphibian,Yes,Q2238049,Yes,Yes,Yes,No
Hylodes cardosoi,Amphibian,Yes,Q6467688,Yes,Yes,Yes,No
Dendropsophus araguaya,Amphibian,Yes,Q2703027,Yes,Yes,Yes,No
Melanophryniscus milanoi,Amphibian,Yes,Q22009311,Yes,Yes,Yes,No
Adenomera cotuba,Amphibian,Yes,Q17600046,Yes,Yes,Yes,No
Elachistocleis magna,Amphibian,Yes,Q3050375,Yes,Yes,Yes,No
Sphaenorhynchus palustris,Amphibian,Yes,Q2712075,Yes,Yes,Yes,No
Gastrotheca fulvorufa,Amphibian,Yes,Q4687142,Yes,Yes,Yes,No
Boana pombali,Amphibian,Yes,Q1942867,Yes,Yes,Yes,No
Pseudopaludicola hyleaustralis,Amphibian,Yes,Q3409788,Yes,Yes,Yes,No
Phasmahyla cochranae,Amphibian,Yes,Q2704976,Yes,Yes,Yes,No
Ololygon machadoi,Amphibian,Yes,Q2032042,Yes,Yes,Yes,No
Brachycephalus sulfuratus,Amphibian,Yes,Q25385183,Yes,Yes,Yes,No
Trachycephalus helioi,Amphibian,Yes,Q18465650,Yes,Yes,Yes,No
Bokermannohyla oxente,Amphibian,Yes,Q2909231,Yes,Yes,Yes,No
Proceratophrys carranca,Amphibian,Yes,Q14947396,Yes,Yes,Yes,No
Leptodactylus tapiti,Amphibian,Yes,Q2238420,Yes,Yes,Yes,No
Boana albomarginata,Amphibian,Yes,Q2245702,Yes,Yes,Yes,No
Aplastodiscus cochranae,Amphibian,Yes,Q389341,Yes,Yes,Yes,No
Thoropa saxatilis,Amphibian,Yes,Q2210528,Yes,Yes,Yes,No
Pithecopus megacephalus,Amphibian,Yes,Q2715492,Yes,Yes,Yes,No
Cycloramphus mirandaribeiroi,Amphibian,Yes,Q2699434,Yes,Yes,Yes,No
Scinax haddadorum,Amphibian,Yes,Q25383790,Yes,Yes,Yes,No
Physalaemus maculiventris,Amphibian,Yes,Q2239117,Yes,Yes,Yes,No
Ischnocnema hoehnei,Amphibian,Yes,Q4727743,Yes,Yes,Yes,No
Phyllodytes melanomystax,Amphibian,Yes,Q2703528,Yes,Yes,Yes,No
Dendropsophus bipunctatus,Amphibian,Yes,Q2701403,Yes,Yes,Yes,No
Amazophrynella vote,Amphibian,Yes,Q2841449,Yes,Yes,Yes,No
Fritziana ulei,Amphibian,Yes,Q18479513,Yes,Yes,Yes,No
Dendropsophus xapuriensis,Amphibian,Yes,Q532521,Yes,Yes,Yes,No
Dendropsophus studerae,Amphibian,Yes,Q2703011,Yes,Yes,Yes,No
Proceratophrys rondonae,Amphibian,Yes,Q3406343,Yes,Yes,Yes,No
Scinax rossaferesae,Amphibian,Yes,Q27869384,Yes,Yes,Yes,No
Haddadus plicifer,Amphibian,Yes,Q1611587,Yes,Yes,Yes,No
Bokermannohyla napolii,Amphibian,Yes,Q2909220,Yes,Yes,Yes,No
Ololygon centralis,Amphibian,Yes,Q727776,Yes,Yes,Yes,No
Proceratophrys pombali,Amphibian,Yes,Q18620231,Yes,Yes,Yes,No
Dendropsophus dutrai,Amphibian,Yes,Q2699875,Yes,Yes,Yes,No
Bokermannohyla nanuzae,Amphibian,Yes,Q2707101,Yes,Yes,Yes,No
Pseudopaludicola pocoto,Amphibian,Yes,Q17600039,Yes,Yes,Yes,No
Aplastodiscus leucopygius,Amphibian,Yes,Q384412,Yes,Yes,Yes,No
Phyllodytes luteolus,Amphibian,Yes,Q599180,Yes,Yes,Yes,No
Chiasmocleis veracruz,Amphibian,No,NA,Yes,No,No,Yes
Bokermannohyla luctuosa,Amphibian,Yes,Q2706234,Yes,Yes,Yes,No
Hylodes regius,Amphibian,Yes,Q2699112,Yes,Yes,Yes,No
Allobates grillisimilis,Amphibian,Yes,Q14445870,Yes,Yes,Yes,No
Bokermannohyla astartea,Amphibian,Yes,Q2706781,Yes,Yes,Yes,No
Boana icamiaba,Amphibian,Yes,Q107741742,Yes,Yes,Yes,No
Pristimantis vinhai,Amphibian,Yes,Q10808566,Yes,Yes,Yes,No
Phrynomedusa appendiculata,Amphibian,Yes,Q2699753,Yes,Yes,Yes,No
Proceratophrys cristiceps,Amphibian,Yes,Q2239382,Yes,Yes,Yes,No
Ischnocnema penaxavantinho,Amphibian,Yes,Q3155179,Yes,Yes,Yes,No
Melanophryniscus biancae,Amphibian,Yes,Q22009310,Yes,Yes,Yes,No
Dendropsophus tritaeniatus,Amphibian,Yes,Q2699956,Yes,Yes,Yes,No
Ololygon perpusilla,Amphibian,Yes,Q2704570,Yes,Yes,Yes,No
Chiasmocleis mehelyi,Amphibian,Yes,Q2211516,Yes,Yes,Yes,No
Pithecopus ayeaye,Amphibian,Yes,Q28925519,Yes,Yes,Yes,No
Microcaecilia trombetas,Amphibian,Yes,Q3312087,Yes,Yes,Yes,No
Proceratophrys brauni,Amphibian,Yes,Q901765,Yes,Yes,Yes,No
Ololygon argyreornata,Amphibian,Yes,Q137676,Yes,Yes,Yes,No
Physalaemus lateristriga,Amphibian,Yes,Q3381991,Yes,Yes,Yes,No
Brachycephalus crispus,Amphibian,Yes,Q18085205,Yes,Yes,Yes,No
Dendrophryniscus brevipollicatus,Amphibian,Yes,Q2702416,Yes,Yes,Yes,No
Boana marginata,Amphibian,Yes,Q1944018,Yes,Yes,Yes,No
Scinax cuspidatus,Amphibian,Yes,Q583611,Yes,Yes,Yes,No
Brachycephalus albolineatus,Amphibian,Yes,Q28006433,Yes,Yes,No,No
Pithecopus centralis,Amphibian,Yes,Q952298,Yes,Yes,Yes,No
Dendrophryniscus krausae,Amphibian,Yes,Q3022397,Yes,Yes,Yes,No
Ischnocnema octavioi,Amphibian,Yes,Q28023494,Yes,Yes,Yes,No
Crossodactylodes itambe,Amphibian,Yes,Q17560934,Yes,Yes,Yes,No
Phyllodytes acuminatus,Amphibian,Yes,Q2707133,Yes,Yes,Yes,No
Aplastodiscus flumineus,Amphibian,Yes,Q773583,Yes,Yes,Yes,No
Crossodactylodes septentrionalis,Amphibian,Yes,Q17560931,Yes,Yes,Yes,No
Adelophryne meridionalis,Amphibian,Yes,Q18552394,Yes,Yes,Yes,No
Boana stenocephala,Amphibian,Yes,Q1943068,Yes,Yes,Yes,No
Oreophrynella weiassipuensis,Amphibian,Yes,Q1941978,Yes,Yes,Yes,No
Physalaemus soaresi,Amphibian,Yes,Q2239258,Yes,Yes,Yes,No
Adenomera nana,Amphibian,Yes,Q20055184,Yes,Yes,Yes,No
Hylodes amnicola,Amphibian,Yes,Q2237927,Yes,Yes,Yes,No
Luetkenotyphlus insulanus,Amphibian,Yes,Q115831943,Yes,Yes,Yes,No
Xenohyla truncata,Amphibian,Yes,Q2704233,Yes,Yes,Yes,No
Adenomera marmorata,Amphibian,Yes,Q2241190,Yes,Yes,Yes,No
Stereocyclops histrio,Amphibian,Yes,Q28053361,Yes,Yes,Yes,No
Holoaden pholeter,Amphibian,Yes,Q4673969,Yes,Yes,Yes,No
Elachistocleis piauiensis,Amphibian,Yes,Q654238,Yes,Yes,Yes,No
Amazophrynella xinguensis,Amphibian,No,NA,Yes,No,No,Yes
Crossodactylodes pintoi,Amphibian,Yes,Q2237448,Yes,Yes,Yes,No
Boana ericae,Amphibian,Yes,Q1945292,Yes,Yes,Yes,No
Ischnocnema parnaso,Amphibian,No,NA,Yes,No,No,Yes
Phasmahyla exilis,Amphibian,Yes,Q2705397,Yes,Yes,Yes,No
Ololygon cardosoi,Amphibian,Yes,Q370318,Yes,Yes,Yes,No
Cycloramphus boraceiensis,Amphibian,Yes,Q2238222,Yes,Yes,Yes,No
Paratelmatobius poecilogaster,Amphibian,Yes,Q2239350,Yes,Yes,Yes,No
Adenomera martinezi,Amphibian,Yes,Q2241161,Yes,Yes,Yes,No
Aplastodiscus weygoldti,Amphibian,Yes,Q647972,Yes,Yes,Yes,No
Crossodactylodes izecksohni,Amphibian,Yes,Q2238396,Yes,Yes,Yes,No
Xenohyla eugenioi,Amphibian,Yes,Q2715544,Yes,Yes,Yes,No
Allobates fuscellus,Amphibian,Yes,Q4672108,Yes,Yes,Yes,No
Phantasmarana lutzae,Amphibian,Yes,Q125208082,Yes,No,Yes,Yes
Physalaemus orophilus,Amphibian,Yes,Q3381993,Yes,Yes,Yes,No
Sphaenorhynchus pauloalvini,Amphibian,Yes,Q2712066,Yes,Yes,Yes,No
Physalaemus irroratus,Amphibian,Yes,Q6467601,Yes,Yes,Yes,No
Scinax montivagus,Amphibian,Yes,Q22009549,Yes,Yes,Yes,No
Nyctimantis arapapa,Amphibian,Yes,Q2858126,Yes,Yes,Yes,No
Rupirana cardosoi,Amphibian,Yes,Q1594428,Yes,Yes,Yes,No
Boana caipora,Amphibian,Yes,Q4678504,Yes,Yes,Yes,No
Rhinella cerradensis,Amphibian,Yes,Q4672298,Yes,Yes,Yes,No
Stefania neblinae,Amphibian,Yes,Q3497928,Yes,Yes,Yes,No
Brachycephalus pernix,Amphibian,Yes,Q2707401,Yes,Yes,Yes,No
Boana leucocheila,Amphibian,Yes,Q1943557,Yes,Yes,Yes,No
Physalaemus insperatus,Amphibian,Yes,Q4678633,Yes,Yes,Yes,No
Ischnocnema paranaensis,Amphibian,Yes,Q28023727,Yes,Yes,Yes,No
Ischnocnema parva,Amphibian,Yes,Q4683157,Yes,Yes,Yes,No
Boana cipoensis,Amphibian,Yes,Q1942681,Yes,Yes,Yes,No
Phyllodytes wuchereri,Amphibian,Yes,Q2707187,Yes,Yes,Yes,No
Cycloramphus faustoi,Amphibian,Yes,Q3008577,Yes,Yes,Yes,No
Melanophryniscus spectabilis,Amphibian,Yes,Q2246969,Yes,Yes,Yes,No
Scythrophrys sawayae,Amphibian,Yes,Q1594227,Yes,Yes,Yes,No
Proceratophrys redacta,Amphibian,Yes,Q3406341,Yes,Yes,Yes,No
Bokermannohyla martinsi,Amphibian,Yes,Q2706812,Yes,Yes,Yes,No
Dendrophryniscus stawiarskyi,Amphibian,Yes,Q519658,Yes,Yes,Yes,No
Ischnocnema spanios,Amphibian,Yes,Q27148960,Yes,Yes,Yes,No
Dendropsophus anataliasiasi,Amphibian,Yes,Q2699005,Yes,Yes,Yes,No
Pseudopaludicola canga,Amphibian,Yes,Q2239485,Yes,Yes,Yes,No
Adenomera thomei,Amphibian,Yes,Q28053547,Yes,Yes,Yes,No
Allobates magnussoni,Amphibian,Yes,Q18611903,Yes,Yes,Yes,No
Scinax curicica,Amphibian,Yes,Q736645,Yes,Yes,Yes,No
Gastrotheca pulchra,Amphibian,Yes,Q4672331,Yes,Yes,Yes,No
Ischnocnema vizottoi,Amphibian,Yes,Q3155181,Yes,Yes,Yes,No
Brachycephalus fuscolineatus,Amphibian,Yes,Q20049452,Yes,Yes,Yes,No
Pipa carvalhoi,Amphibian,Yes,Q2709598,Yes,Yes,Yes,No
Crossodactylus werneri,Amphibian,Yes,Q18464439,Yes,Yes,Yes,No
Ameerega pulchripecta,Amphibian,Yes,Q2842556,Yes,Yes,Yes,No
Pseudopaludicola ibisoroca,Amphibian,Yes,Q28009916,Yes,Yes,No,No
Hylodes fredi,Amphibian,Yes,Q4680566,Yes,Yes,Yes,No
Thoropa miliaris,Amphibian,Yes,Q969608,Yes,Yes,Yes,No
Brachycephalus nodoterga,Amphibian,Yes,Q2245246,Yes,Yes,Yes,No
Ischnocnema garciai,Amphibian,No,NA,Yes,No,No,Yes
Dendropsophus soaresi,Amphibian,Yes,Q2701540,Yes,Yes,Yes,No
Frostius pernambucensis,Amphibian,Yes,Q945302,Yes,Yes,Yes,No
Rhinella crucifer,Amphibian,Yes,Q27920422,Yes,Yes,Yes,No
Ololygon flavoguttata,Amphibian,Yes,Q28188,Yes,Yes,Yes,No
Odontophrynus carvalhoi,Amphibian,Yes,Q2238934,Yes,Yes,Yes,No
Boana exastis,Amphibian,Yes,Q1945206,Yes,Yes,Yes,No
Ischnocnema pusilla,Amphibian,Yes,Q4682581,Yes,Yes,Yes,No
Brachycephalus ephippium,Amphibian,Yes,Q1499291,Yes,Yes,Yes,No
Chthonerpeton viviparum,Amphibian,Yes,Q1942156,Yes,Yes,Yes,No
Chiasmocleis crucis,Amphibian,Yes,Q2241566,Yes,Yes,Yes,No
Aplastodiscus sibilatus,Amphibian,Yes,Q773599,Yes,Yes,Yes,No
Dendropsophus rhea,Amphibian,Yes,Q2699637,Yes,Yes,Yes,No
Chiasmocleis alagoana,Amphibian,Yes,Q2240707,Yes,Yes,Yes,No
Boana polytaenia,Amphibian,Yes,Q1943183,Yes,Yes,Yes,No
Hydrolaetare dantasi,Amphibian,Yes,Q2237618,Yes,Yes,Yes,No
Phyllodytes tuberculosus,Amphibian,Yes,Q2707360,Yes,Yes,Yes,No
Phantasmarana boticariana,Amphibian,Yes,Q125208018,Yes,No,Yes,Yes
Brachycephalus darkside,Amphibian,Yes,Q29650931,Yes,Yes,Yes,No
Hylodes lateristrigatus,Amphibian,Yes,Q2237640,Yes,Yes,Yes,No
Proceratophrys subguttata,Amphibian,Yes,Q2239248,Yes,Yes,Yes,No
Crossodactylus cyclospinus,Amphibian,Yes,Q4666403,Yes,Yes,Yes,No
Leptodactylus camaquara,Amphibian,Yes,Q2237771,Yes,Yes,Yes,No
Proceratophrys salvatori,Amphibian,Yes,Q665542,Yes,Yes,Yes,No
Ololygon trapicheiroi,Amphibian,Yes,Q2704655,Yes,Yes,Yes,No
Proceratophrys renalis,Amphibian,Yes,Q4684559,Yes,Yes,Yes,No
Boana joaquini,Amphibian,Yes,Q1943163,Yes,Yes,Yes,No
Melanophryniscus simplex,Amphibian,Yes,Q1942345,Yes,Yes,Yes,No
Brachycephalus bufonoides,Amphibian,Yes,Q2923280,Yes,Yes,Yes,No
Aplastodiscus musicus,Amphibian,Yes,Q773595,Yes,Yes,Yes,No
Cycloramphus izecksohni,Amphibian,Yes,Q2237491,Yes,Yes,Yes,No
Boana semilineata,Amphibian,Yes,Q2237545,Yes,Yes,Yes,No
Scinax alter,Amphibian,Yes,Q136550,Yes,Yes,Yes,No
Vitreorana baliomma,Amphibian,Yes,Q18061079,Yes,Yes,Yes,No
Ischnocnema nanahallux,Amphibian,Yes,Q13403287,Yes,Yes,Yes,No
Proceratophrys phyllostomus,Amphibian,Yes,Q2238849,Yes,Yes,Yes,No
Gastrotheca fissipes,Amphibian,Yes,Q2209466,Yes,Yes,Yes,No
Proceratophrys bagnoi,Amphibian,Yes,Q15401925,Yes,Yes,Yes,No
Physalaemus jordanensis,Amphibian,Yes,Q2238713,Yes,Yes,Yes,No
Ololygon jureia,Amphibian,Yes,Q2031776,Yes,Yes,Yes,No
Dendropsophus ozzyi,Amphibian,Yes,Q19705510,Yes,Yes,Yes,No
Ischnocnema colibri,Amphibian,No,NA,Yes,No,No,Yes
Siphonops hardyi,Amphibian,Yes,Q288090,Yes,Yes,Yes,No
Bokermannohyla pseudopseudis,Amphibian,Yes,Q2707165,Yes,Yes,Yes,No
Thoropa megatympanum,Amphibian,Yes,Q2210255,Yes,Yes,Yes,No
Phyllodytes edelmoi,Amphibian,Yes,Q2703100,Yes,Yes,Yes,No
Proceratophrys sanctaritae,Amphibian,Yes,Q3406342,Yes,Yes,Yes,No
Leptodactylus jolyi,Amphibian,Yes,Q2237657,Yes,Yes,Yes,No
Stereocyclops incrassatus,Amphibian,Yes,Q2211380,Yes,Yes,Yes,No
Boana buriti,Amphibian,Yes,Q1942713,Yes,Yes,Yes,No
Rhinella casconi,Amphibian,Yes,Q18704502,Yes,Yes,Yes,No
Bokermannohyla vulcaniae,Amphibian,Yes,Q2909237,Yes,Yes,Yes,No
Chthonerpeton noctinectes,Amphibian,Yes,Q1941607,Yes,Yes,Yes,No
Ololygon cosenzai,Amphibian,Yes,Q3475829,Yes,Yes,Yes,No
Physalaemus barrioi,Amphibian,Yes,Q2239639,Yes,Yes,Yes,No
Chiasmocleis mantiqueira,Amphibian,Yes,Q4669790,Yes,Yes,Yes,No
Proceratophrys itamari,Amphibian,Yes,Q18465516,Yes,Yes,Yes,No
Pseudopaludicola florencei,Amphibian,No,NA,Yes,No,No,Yes
Brachycephalus pombali,Amphibian,Yes,Q2923291,Yes,Yes,Yes,No
Bokermannohyla saxicola,Amphibian,Yes,Q2706878,Yes,Yes,Yes,No
Physalaemus signifer,Amphibian,Yes,Q2239592,Yes,Yes,Yes,No
Odontophrynus cultripes,Amphibian,Yes,Q517697,Yes,Yes,Yes,No
Cycloramphus rhyakonastes,Amphibian,Yes,Q2238319,Yes,Yes,Yes,No
Mimosiphonops vermiculatus,Amphibian,Yes,Q587659,Yes,Yes,Yes,No
Sphaenorhynchus cammaeus,Amphibian,Yes,Q33494544,Yes,Yes,Yes,No
Phasmahyla cruzi,Amphibian,Yes,Q3378644,Yes,Yes,Yes,No
Ololygon alcatraz,Amphibian,Yes,Q135208,Yes,Yes,Yes,No
Trachycephalus atlas,Amphibian,Yes,Q2703549,Yes,Yes,Yes,No
Haddadus aramunha,Amphibian,Yes,Q28026049,Yes,Yes,Yes,No
Scinax dolloi,Amphibian,Yes,Q4675342,Yes,Yes,Yes,No
Adenomera juikitam,Amphibian,Yes,Q17600069,Yes,Yes,Yes,No
Bokermannohyla ravida,Amphibian,Yes,Q2706285,Yes,Yes,Yes,No
Melanophryniscus admirabilis,Amphibian,Yes,Q3304922,Yes,Yes,Yes,No
Dendropsophus minimus,Amphibian,Yes,Q2702136,Yes,Yes,Yes,No
Melanophryniscus tumifrons,Amphibian,Yes,Q2213767,Yes,Yes,Yes,No
Ololygon kautskyi,Amphibian,Yes,Q2031734,Yes,Yes,Yes,No
Scinax rogerioi,Amphibian,Yes,Q3475840,Yes,Yes,Yes,No
Aplastodiscus ehrhardti,Amphibian,Yes,Q569806,Yes,Yes,Yes,No
Proceratophrys laticeps,Amphibian,Yes,Q2238509,Yes,Yes,Yes,No
Scinax villasboasi,Amphibian,Yes,Q18483977,Yes,Yes,Yes,No
Macrogenioglottus alipioi,Amphibian,Yes,Q2210105,Yes,Yes,Yes,No
Microcaecilia marvaleewakeae,Amphibian,Yes,Q14450662,Yes,Yes,Yes,No
Elachistocleis bumbameuboi,Amphibian,Yes,Q3050368,Yes,Yes,Yes,No
Leptodactylus natalensis,Amphibian,Yes,Q2237850,Yes,Yes,Yes,No
Bolitoglossa tapajonica,Amphibian,Yes,Q14448438,Yes,Yes,Yes,No
Physalaemus camacan,Amphibian,Yes,Q4662374,Yes,Yes,Yes,No
Ololygon skuki,Amphibian,Yes,Q133448250,Yes,Yes,Yes,No
Ololygon brieni,Amphibian,Yes,Q920372,Yes,Yes,Yes,No
Phyllodytes brevirostris,Amphibian,Yes,Q2707898,Yes,Yes,Yes,No
Physalaemus kroyeri,Amphibian,Yes,Q2238946,Yes,Yes,Yes,No
Boana caiapo,Amphibian,Yes,Q107915886,Yes,Yes,Yes,No
Bokermannohyla sapiranga,Amphibian,Yes,Q2909224,Yes,Yes,Yes,No
Dendropsophus nekronastes,Amphibian,Yes,Q31204481,Yes,Yes,Yes,No
Hylodes otavioi,Amphibian,Yes,Q2699205,Yes,Yes,Yes,No
Boana stellae,Amphibian,Yes,Q4665508,Yes,Yes,Yes,No
Ischnocnema nigriventris,Amphibian,Yes,Q28023382,Yes,Yes,Yes,No
Nyctimantis brunoi,Amphibian,Yes,Q282625,Yes,Yes,Yes,No
Brachycephalus olivaceus,Amphibian,Yes,Q20049477,Yes,Yes,Yes,No
Boana leptolineata,Amphibian,Yes,Q1945996,Yes,Yes,Yes,No
Hylodes phyllodes,Amphibian,Yes,Q2237727,Yes,Yes,Yes,No
Brachycephalus pulex,Amphibian,Yes,Q2923287,Yes,Yes,Yes,No
Physalaemus obtectus,Amphibian,Yes,Q2238264,Yes,Yes,Yes,No
Ololygon belloni,Amphibian,Yes,Q3475826,Yes,Yes,Yes,No
Dendropsophus berthalutzae,Amphibian,Yes,Q2699316,Yes,Yes,Yes,No
Ololygon skaios,Amphibian,Yes,Q3475841,Yes,Yes,Yes,No
Ischnocnema melanopygia,Amphibian,Yes,Q3155174,Yes,Yes,Yes,No
Stereocyclops palmipes,Amphibian,Yes,Q3498748,Yes,Yes,Yes,No
Cycloramphus heyeri,Amphibian,No,NA,Yes,No,No,Yes
Brachycephalus guarani,Amphibian,Yes,Q2923281,Yes,Yes,Yes,No
Oreobates heterodactylus,Amphibian,Yes,Q4678221,Yes,Yes,Yes,No
Phasmahyla timbo,Amphibian,Yes,Q3011786,Yes,Yes,Yes,No
Leptodactylus oreomantis,Amphibian,Yes,Q17600080,Yes,Yes,Yes,No
Atretochoana eiselti,Amphibian,Yes,Q1916885,Yes,Yes,Yes,No
Dendrophryniscus skuki,Amphibian,Yes,Q3022401,Yes,Yes,Yes,No
Adelphobates castaneoticus,Amphibian,Yes,Q137827,Yes,Yes,Yes,No
Leptodactylus hylodes,Amphibian,Yes,Q2237634,Yes,Yes,Yes,No
Aplastodiscus lutzorum,Amphibian,Yes,Q28132098,Yes,Yes,Yes,No
Dendropsophus novaisi,Amphibian,Yes,Q2699937,Yes,Yes,Yes,No
Boana semiguttata,Amphibian,Yes,Q1942984,Yes,Yes,Yes,No
Cycloramphus dubius,Amphibian,Yes,Q2238297,Yes,Yes,Yes,No
Bokermannohyla diamantina,Amphibian,Yes,Q613282,Yes,Yes,Yes,No
Chiasmocleis papachibe,Amphibian,Yes,Q17256043,Yes,Yes,Yes,No
Cycloramphus asper,Amphibian,Yes,Q2237480,Yes,Yes,Yes,No
Bokermannohyla juiju,Amphibian,Yes,Q2909218,Yes,Yes,Yes,No
Brachycephalus coloratus,Amphibian,Yes,Q33958327,Yes,Yes,Yes,No
Pseudopaludicola giarettai,Amphibian,Yes,Q3409790,Yes,Yes,Yes,No
Pristimantis latro,Amphibian,Yes,Q34922456,Yes,Yes,Yes,No
Brasilotyphlus guarantanus,Amphibian,Yes,Q2923939,Yes,Yes,Yes,No
Physalaemus maximus,Amphibian,Yes,Q966658,Yes,Yes,Yes,No
Chthonerpeton tremembe,Amphibian,Yes,Q20722505,Yes,Yes,Yes,No
Melanophryniscus moreirae,Amphibian,Yes,Q1942395,Yes,Yes,Yes,No
Ischnocnema gualteri,Amphibian,Yes,Q4678455,Yes,Yes,Yes,No
Hylodes japi,Amphibian,Yes,Q19819344,Yes,Yes,Yes,No
Physalaemus olfersii,Amphibian,Yes,Q2239603,Yes,Yes,Yes,No
Proceratophrys izecksohni,Amphibian,Yes,Q14947417,Yes,Yes,Yes,No
Vitreorana eurygnatha,Amphibian,Yes,Q28047470,Yes,Yes,Yes,No
Pithecopus nordestinus,Amphibian,Yes,Q28925755,Yes,Yes,Yes,No
Boana secedens,Amphibian,Yes,Q307243,Yes,Yes,Yes,No
Sphaenorhynchus caramaschii,Amphibian,Yes,Q4677428,Yes,Yes,Yes,No
Pristimantis ramagii,Amphibian,Yes,Q10808561,Yes,Yes,Yes,No
Pseudopaludicola mineira,Amphibian,Yes,Q2238858,Yes,Yes,Yes,No
Brachycephalus leopardus,Amphibian,Yes,Q20049457,Yes,Yes,Yes,No
Phantasmarana bocainensis,Amphibian,Yes,Q125207969,Yes,No,Yes,Yes
Pseudis tocantins,Amphibian,Yes,Q853493,Yes,Yes,Yes,No
Scinax pachycrus,Amphibian,Yes,Q2705366,Yes,Yes,Yes,No
Physalaemus atim,Amphibian,Yes,Q22009348,Yes,Yes,Yes,No
Bokermannohyla gouveai,Amphibian,Yes,Q2706806,Yes,Yes,Yes,No
Chiasmocleis sapiranga,Amphibian,Yes,Q4676218,Yes,Yes,Yes,No
Rhinella veredas,Amphibian,Yes,Q4672472,Yes,Yes,Yes,No
Fritziana tonimi,Amphibian,Yes,Q27861440,Yes,Yes,Yes,No
Haddadus binotatus,Amphibian,Yes,Q2213102,Yes,Yes,Yes,No
Melanophryniscus alipioi,Amphibian,Yes,Q4688036,Yes,Yes,Yes,No
Ischnocnema nasuta,Amphibian,Yes,Q4672258,Yes,Yes,Yes,No
Crossodactylus timbuhy,Amphibian,Yes,Q18464435,Yes,Yes,Yes,No
Barycholos ternetzi,Amphibian,Yes,Q2208764,Yes,Yes,Yes,No
Euparkerella brasiliensis,Amphibian,Yes,Q2237522,Yes,Yes,Yes,No
Rhinella ocellata,Amphibian,Yes,Q28031865,Yes,Yes,Yes,No
Physalaemus bokermanni,Amphibian,Yes,Q2239185,Yes,Yes,Yes,No
Scinax imbegue,Amphibian,Yes,Q3475833,Yes,Yes,Yes,No
Rhinella rubescens,Amphibian,Yes,Q27987937,Yes,Yes,Yes,No
Cycloramphus organensis,Amphibian,Yes,Q3008578,Yes,Yes,Yes,No
Hylodes perere,Amphibian,Yes,Q3143937,Yes,Yes,Yes,No
Euparkerella tridactyla,Amphibian,Yes,Q2237890,Yes,Yes,Yes,No
Boana lundii,Amphibian,Yes,Q976596,Yes,Yes,Yes,No
Phantasmarana massarti,Amphibian,Yes,Q125207900,Yes,No,Yes,Yes
Microcaecilia rochai,Amphibian,Yes,Q3312086,Yes,Yes,Yes,No
Phasmahyla jandaia,Amphibian,Yes,Q2704664,Yes,Yes,Yes,No
Adenomera bokermanni,Amphibian,Yes,Q2174196,Yes,Yes,Yes,No
Leptodactylus cunicularius,Amphibian,Yes,Q2237936,Yes,Yes,Yes,No
Pseudopaludicola facureae,Amphibian,Yes,Q17600031,Yes,Yes,Yes,No
Hylodes dactylocinus,Amphibian,Yes,Q2237255,Yes,Yes,Yes,No
Ololygon ranki,Amphibian,Yes,Q2706821,Yes,Yes,Yes,No
Cycloramphus brasiliensis,Amphibian,Yes,Q2237182,Yes,Yes,Yes,No
Pseudopaludicola restinga,Amphibian,Yes,Q54877706,Yes,Yes,Yes,No
Rhinella granulosa,Amphibian,Yes,Q2212394,Yes,Yes,Yes,No
Ololygon arduoa,Amphibian,Yes,Q136314,Yes,Yes,Yes,No
Bokermannohyla langei,Amphibian,Yes,Q307227,Yes,Yes,Yes,No
Ischnocnema venancioi,Amphibian,Yes,Q28024161,Yes,Yes,Yes,No
Ischnocnema gehrti,Amphibian,Yes,Q4741999,Yes,Yes,Yes,No
Allobates olfersioides,Amphibian,Yes,Q644036,Yes,Yes,Yes,No
Microcaecilia butantan,Amphibian,Yes,Q18762261,Yes,Yes,Yes,No
Proceratophrys dibernardoi,Amphibian,Yes,Q15401928,Yes,Yes,Yes,No
Scinax crospedospilus,Amphibian,Yes,Q918032,Yes,Yes,Yes,No
Adenomera araucaria,Amphibian,Yes,Q2050210,Yes,Yes,Yes,No
Boana botumirim,Amphibian,Yes,Q3144367,Yes,Yes,Yes,No
Trachycephalus dibernardoi,Amphibian,Yes,Q4677717,Yes,Yes,Yes,No
Chthonerpeton arii,Amphibian,Yes,Q1942022,Yes,Yes,Yes,No
Ischnocnema sambaqui,Amphibian,Yes,Q28024137,Yes,Yes,Yes,No
Pleurodema alium,Amphibian,Yes,Q3392390,Yes,Yes,Yes,No
Allobates hodli,Amphibian,Yes,Q2838421,Yes,Yes,Yes,No
Ololygon carnevallii,Amphibian,Yes,Q919839,Yes,Yes,Yes,No
Physalaemus caete,Amphibian,Yes,Q2238785,Yes,Yes,Yes,No
Hylodes perplicatus,Amphibian,Yes,Q2238076,Yes,Yes,Yes,No
Gastrotheca ernestoi,Amphibian,Yes,Q4686381,Yes,Yes,Yes,No
Dasypops schirchi,Amphibian,Yes,Q2068839,Yes,Yes,Yes,No
Ololygon melloi,Amphibian,Yes,Q2705395,Yes,Yes,Yes,No
Leptodactylus paraensis,Amphibian,Yes,Q4675749,Yes,Yes,Yes,No
Brachycephalus alipioi,Amphibian,Yes,Q2923283,Yes,Yes,Yes,No
Elachistocleis corumbaensis,Amphibian,Yes,Q47215780,Yes,Yes,Yes,No
Ischnocnema bolbodactyla,Amphibian,Yes,Q4669892,Yes,Yes,Yes,No
Cycloramphus acangatan,Amphibian,Yes,Q2237946,Yes,Yes,Yes,No
Ololygon caissara,Amphibian,Yes,Q27995962,Yes,Yes,No,No
Oreobates remotus,Amphibian,Yes,Q3355845,Yes,Yes,Yes,No
Scinax constrictus,Amphibian,Yes,Q139835,Yes,Yes,Yes,No
Amazophrynella bokermanni,Amphibian,Yes,Q28027547,Yes,Yes,Yes,No
Elachistocleis carvalhoi,Amphibian,Yes,Q3050369,Yes,Yes,Yes,No
Ischnocnema oea,Amphibian,Yes,Q3020479,Yes,Yes,Yes,No
Pithecopus oreades,Amphibian,Yes,Q28925762,Yes,Yes,Yes,No
Sphaenorhynchus botocudo,Amphibian,Yes,Q3493088,Yes,Yes,Yes,No
Gastrotheca flamma,Amphibian,Yes,Q3099231,Yes,Yes,Yes,No
Melanophryniscus macrogranulosus,Amphibian,Yes,Q1941391,Yes,Yes,Yes,No
Melanophryniscus dorsalis,Amphibian,Yes,Q1040832,Yes,Yes,Yes,No
Proceratophrys palustris,Amphibian,Yes,Q542664,Yes,Yes,Yes,No
Proceratophrys belzebul,Amphibian,Yes,Q14947413,Yes,Yes,Yes,No
Cycloramphus carvalhoi,Amphibian,Yes,Q2238176,Yes,Yes,Yes,No
Elachistocleis surumu,Amphibian,Yes,Q3050379,Yes,Yes,Yes,No
Proceratophrys concavitympanum,Amphibian,Yes,Q2239314,Yes,Yes,Yes,No
Crossodactylus lutzorum,Amphibian,Yes,Q2238082,Yes,Yes,Yes,No
Brachycephalus hermogenesi,Amphibian,Yes,Q2706957,Yes,Yes,Yes,No
Brachycephalus actaeus,Amphibian,Yes,Q63124847,Yes,No,Yes,Yes
Brachycephalus mirissimus,Amphibian,No,NA,Yes,No,No,Yes
Osteocephalus vilarsi,Amphibian,Yes,Q3357394,Yes,Yes,Yes,No
Physalaemus atlanticus,Amphibian,Yes,Q2239000,Yes,Yes,Yes,No
Cycloramphus juimirim,Amphibian,Yes,Q2238304,Yes,Yes,Yes,No
Vitreorana parvula,Amphibian,Yes,Q20085737,Yes,Yes,Yes,No
Ameerega braccata,Amphibian,Yes,Q28053336,Yes,Yes,Yes,No
Leptodactylus marambaiae,Amphibian,Yes,Q305587,Yes,Yes,Yes,No
Crossodactylus dantei,Amphibian,Yes,Q2237466,Yes,Yes,Yes,No
Chiasmocleis leucosticta,Amphibian,Yes,Q2242227,Yes,Yes,Yes,No
Rhinella pygmaea,Amphibian,Yes,Q27987083,Yes,Yes,Yes,No
Ischnocnema juipoca,Amphibian,Yes,Q4686175,Yes,Yes,Yes,No
Pseudopaludicola jaredi,Amphibian,Yes,Q28009922,Yes,Yes,No,No
Brachycephalus ferruginus,Amphibian,Yes,Q2923284,Yes,Yes,Yes,No
Adelophryne maranguapensis,Amphibian,Yes,Q2707091,Yes,Yes,Yes,No
Adenomera engelsi,Amphibian,Yes,Q3230014,Yes,Yes,Yes,No
Allophryne relicta,Amphibian,Yes,Q15241830,Yes,Yes,Yes,No
Ololygon heyeri,Amphibian,Yes,Q1746612,Yes,Yes,Yes,No
Proceratophrys tupinamba,Amphibian,Yes,Q3406346,Yes,Yes,Yes,No
Frostius erythrophthalmus,Amphibian,Yes,Q2191939,Yes,Yes,Yes,No
Leptodactylus caatingae,Amphibian,Yes,Q2464403,Yes,Yes,Yes,No
Bokermannohyla sazimai,Amphibian,Yes,Q2707867,Yes,Yes,Yes,No
Physalaemus spiniger,Amphibian,Yes,Q1595166,Yes,Yes,Yes,No
Pithecopus rusticus,Amphibian,Yes,Q20023662,Yes,No,Yes,Yes
Dendropsophus branneri,Amphibian,Yes,Q2702130,Yes,Yes,Yes,No
Physalaemus rupestris,Amphibian,Yes,Q2238772,Yes,Yes,Yes,No
Hylodes magalhaesi,Amphibian,Yes,Q2238057,Yes,Yes,Yes,No
Sphaenorhynchus canga,Amphibian,Yes,Q22009706,Yes,Yes,Yes,No
Cycloramphus bandeirensis,Amphibian,Yes,Q2237787,Yes,Yes,Yes,No
Megaelosia goeldii,Amphibian,Yes,Q2239267,Yes,Yes,Yes,No
Hylodes nasus,Amphibian,Yes,Q594983,Yes,Yes,Yes,No
Chiasmocleis centralis,Amphibian,Yes,Q2210987,Yes,Yes,Yes,No
Gastrotheca microdiscus,Amphibian,Yes,Q2210086,Yes,Yes,Yes,No
Bokermannohyla lucianae,Amphibian,Yes,Q2705691,Yes,Yes,Yes,No
Sphaenorhynchus platycephalus,Amphibian,Yes,Q2714187,Yes,No,Yes,Yes
Bokermannohyla flavopicta,Amphibian,Yes,Q2909216,Yes,Yes,Yes,No
Hylodes charadranaetes,Amphibian,Yes,Q2237717,Yes,Yes,Yes,No
Bokermannohyla hylax,Amphibian,Yes,Q939478,Yes,Yes,Yes,No
Ololygon luizotavioi,Amphibian,Yes,Q2032063,Yes,Yes,Yes,No
Boana goiana,Amphibian,Yes,Q2246636,Yes,Yes,Yes,No
Phasmahyla spectabilis,Amphibian,Yes,Q3011561,Yes,Yes,Yes,No
Dendropsophus tintinnabulum,Amphibian,Yes,Q2702387,Yes,Yes,Yes,No
Bokermannohyla circumdata,Amphibian,Yes,Q2707365,Yes,Yes,Yes,No
Dendropsophus elegans,Amphibian,Yes,Q2700556,Yes,Yes,Yes,No
Cycloramphus lithomimeticus,Amphibian,Yes,Q3008576,Yes,Yes,Yes,No
Phasmahyla guttata,Amphibian,Yes,Q586921,Yes,Yes,Yes,No
Dendropsophus werneri,Amphibian,Yes,Q2702644,Yes,Yes,Yes,No
Phantasmarana apuana,Amphibian,Yes,Q125208049,Yes,No,Yes,Yes
Stereocyclops parkeri,Amphibian,Yes,Q2210928,Yes,Yes,Yes,No
Proceratophrys minuta,Amphibian,Yes,Q3406336,Yes,Yes,Yes,No
Odontophrynus monachus,Amphibian,Yes,Q2413582,Yes,Yes,Yes,No
Adenomera ajurauna,Amphibian,Yes,Q28053417,Yes,Yes,Yes,No
Boana bischoffi,Amphibian,Yes,Q1945230,Yes,Yes,Yes,No
Proceratophrys branti,Amphibian,Yes,Q15401927,Yes,Yes,Yes,No
Cycloramphus lutzorum,Amphibian,Yes,Q2237819,Yes,Yes,Yes,No
Leptodactylus spixi,Amphibian,Yes,Q2240066,Yes,Yes,Yes,No
Scinax auratus,Amphibian,Yes,Q264635,Yes,Yes,Yes,No
Paratelmatobius mantiqueira,Amphibian,Yes,Q2239651,Yes,Yes,Yes,No
Ololygon humilis,Amphibian,Yes,Q1746618,Yes,Yes,Yes,No
Phyzelaphryne miriamae,Amphibian,Yes,Q587259,Yes,Yes,Yes,No
Hylodes uai,Amphibian,Yes,Q2238285,Yes,Yes,Yes,No
Crossodactylus trachystomus,Amphibian,Yes,Q2238229,Yes,Yes,Yes,No
Proceratophrys melanopogon,Amphibian,Yes,Q2699329,Yes,Yes,Yes,No
Physalaemus aguirrei,Amphibian,Yes,Q2238869,Yes,Yes,Yes,No
Physalaemus erikae,Amphibian,Yes,Q1594812,Yes,Yes,Yes,No
Hylodes pipilans,Amphibian,Yes,Q4679076,Yes,Yes,Yes,No
Allobates tapajos,Amphibian,Yes,Q20722609,Yes,Yes,Yes,No
Campylopterus calcirupicola,Birds,Yes,Q57507936,Yes,No,Yes,Yes
Campylopterus diamantinensis,Birds,Yes,Q110257384,Yes,No,Yes,Yes
Campylorhamphus multostriatus,Birds,Yes,Q31874615,Yes,No,Yes,Yes
Conopophaga cearae,Birds,Yes,Q15873782,Yes,No,Yes,Yes
Dysithamnus plumbeus,Birds,Yes,Q1272762,Yes,Yes,Yes,No
Glaucis dohrnii,Birds,Yes,Q263820,Yes,Yes,Yes,No
Herpsilochmus stotzi,Birds,Yes,Q15707876,Yes,Yes,Yes,No
Knipolegus franciscanus,Birds,Yes,Q612019,Yes,Yes,Yes,No
Lepidothrix iris,Birds,Yes,Q1308712,Yes,Yes,Yes,No
Lepidothrix vilasboasi,Birds,Yes,Q906552,Yes,Yes,Yes,No
Merulaxis stresemanni,Birds,Yes,Q1272488,Yes,Yes,Yes,No
Neopelma aurifrons,Birds,Yes,Q775476,Yes,Yes,Yes,No
Penelope ochrogaster,Birds,Yes,Q256552,Yes,Yes,Yes,No
Penelope pileata,Birds,Yes,Q1259727,Yes,Yes,Yes,No
Phylloscartes ceciliae,Birds,Yes,Q575647,Yes,Yes,Yes,No
Pyrrhura pfrimeri,Birds,Yes,Q1260660,Yes,Yes,Yes,No
Ramphodon naevius,Birds,Yes,Q836998,Yes,Yes,Yes,No
Rhegmatorhina hoffmannsi,Birds,Yes,Q1272352,Yes,Yes,Yes,No
Terenura sicki,Birds,Yes,Q224568,Yes,Yes,Yes,No
Hypocnemis rondoni,Birds,Yes,Q15707879,Yes,Yes,Yes,No
Xipholena lamellipennis,Birds,Yes,Q1307543,Yes,Yes,Yes,No
Xiphorhynchus atlanticus,Birds,Yes,Q31874257,Yes,No,Yes,Yes
Malacoptila striata,Birds,Yes,Q526204,Yes,Yes,Yes,No
Capito brunneipectus,Birds,Yes,Q204074,Yes,Yes,Yes,No
Asthenes luizae,Birds,Yes,Q1265831,Yes,Yes,Yes,No
Jacamaralcyon tridactyla,Birds,Yes,Q1272616,Yes,Yes,Yes,No
Anumara forbesi,Birds,Yes,Q123746939,Yes,Yes,No,No
Cercomacra ferdinandi,Birds,Yes,Q1267222,Yes,Yes,Yes,No
Formicivora erythronotos,Birds,Yes,Q1270973,Yes,Yes,Yes,No
Hypocnemis striata,Birds,Yes,Q1265299,Yes,Yes,Yes,No
Augastes lumachella,Birds,Yes,Q1267453,Yes,Yes,Yes,No
Phylloscartes difficilis,Birds,Yes,Q676270,Yes,Yes,Yes,No
Anodorhynchus leari,Birds,Yes,Q838955,Yes,Yes,Yes,No
Arremon flavirostris,Birds,Yes,Q1588810,Yes,Yes,Yes,No
Columbina cyanopis,Birds,Yes,Q882374,Yes,Yes,Yes,No
Cotinga maculata,Birds,Yes,Q1086548,Yes,Yes,Yes,No
Drymophila genei,Birds,Yes,Q1266023,Yes,Yes,Yes,No
Formicivora acutirostris,Birds,Yes,Q28919214,Yes,Yes,Yes,No
Myrmotherula snowi,Birds,Yes,Q1266069,Yes,Yes,Yes,No
Ortalis squamata,Birds,Yes,Q3356705,Yes,Yes,Yes,No
Phaethornis major,Birds,Yes,Q81080306,Yes,No,Yes,Yes
Sporophila melanogaster,Birds,Yes,Q1306486,Yes,Yes,Yes,No
Synallaxis cinerea,Birds,Yes,Q27075095,Yes,Yes,Yes,No
Crypturellus noctivagus,Birds,Yes,Q1270229,Yes,Yes,Yes,No
Eupsittula cactorum,Birds,Yes,Q27074969,Yes,Yes,Yes,No
Pionus reichenowi,Birds,Yes,Q18418078,Yes,Yes,Yes,No
Pyriglena leuconota,Birds,Yes,Q1261248,Yes,Yes,Yes,No
Antilophia bokermanni,Birds,Yes,Q289473,Yes,Yes,Yes,No
Myiothlypis leucophrys,Birds,Yes,Q27075944,Yes,Yes,Yes,No
Calyptura cristata,Birds,Yes,Q74625,Yes,Yes,Yes,No
Casiornis fuscus,Birds,Yes,Q1260760,Yes,Yes,Yes,No
Conopophaga roberti,Birds,Yes,Q339287,Yes,Yes,Yes,No
Cranioleuca semicinerea,Birds,Yes,Q555736,Yes,Yes,Yes,No
Cyanocorax cyanopogon,Birds,Yes,Q2667854,Yes,Yes,Yes,No
Paroaria baeri,Birds,Yes,Q2668137,Yes,Yes,Yes,No
Hemitriccus furcatus,Birds,Yes,Q915434,Yes,Yes,Yes,No
Hemitriccus kaempferi,Birds,Yes,Q632038,Yes,Yes,Yes,No
Hemitriccus nidipendulus,Birds,Yes,Q1267205,Yes,Yes,Yes,No
Castanozoster thoracicus,Birds,Yes,Q28872007,Yes,Yes,Yes,No
Lophornis magnificus,Birds,Yes,Q27074777,Yes,Yes,Yes,No
Myrmoderus loricatus,Birds,Yes,Q555761,Yes,Yes,Yes,No
Rhopias gularis,Birds,Yes,Q27075119,Yes,Yes,Yes,No
Microspingus lateralis,Birds,Yes,Q28871876,Yes,Yes,Yes,No
Myrmelastes rufifacies,Birds,Yes,Q28910247,Yes,Yes,Yes,No
Cantorchilus griseus,Birds,Yes,Q622980,Yes,No,Yes,Yes
Nonnula amaurocephala,Birds,Yes,Q1270689,Yes,Yes,Yes,No
Nyctibius leucopterus,Birds,Yes,Q1262312,Yes,Yes,Yes,No
Nyctiprogne vielliardi,Birds,Yes,Q528334,Yes,Yes,Yes,No
Nystalus maculatus,Birds,Yes,Q1268455,Yes,Yes,Yes,No
Ortalis superciliaris,Birds,Yes,Q1268404,Yes,Yes,Yes,No
Phaethornis aethopygus,Birds,Yes,Q27074773,Yes,Yes,Yes,No
Phaethornis idaliae,Birds,Yes,Q1270116,Yes,Yes,Yes,No
Phaethornis squalidus,Birds,Yes,Q1267371,Yes,Yes,Yes,No
Picumnus exilis,Birds,Yes,Q1271295,Yes,Yes,Yes,No
Picumnus pygmaeus,Birds,Yes,Q1263909,Yes,Yes,Yes,No
Psophia obscura,Birds,Yes,Q21325139,Yes,Yes,Yes,No
Psophia ochroptera,Birds,Yes,Q31873736,Yes,Yes,Yes,No
Pyrrhura cruentata,Birds,Yes,Q882973,Yes,Yes,Yes,No
Pyrrhura leucotis,Birds,Yes,Q552050,Yes,Yes,Yes,No
Pyrrhura lucianii,Birds,Yes,Q1266914,Yes,Yes,Yes,No
Stephanoxis lalandi,Birds,Yes,Q268028,Yes,Yes,Yes,No
Veniliornis maculifrons,Birds,Yes,Q1262194,Yes,Yes,Yes,No
Automolus paraensis,Birds,Yes,Q10736349,Yes,Yes,Yes,No
Campylorhamphus probatus,Birds,Yes,Q31874601,Yes,No,Yes,Yes
Cichlocolaptes leucophrus,Birds,Yes,Q616230,Yes,Yes,Yes,No
Formicivora paludicola,Birds,Yes,Q16089868,Yes,Yes,Yes,No
Formicivora serrana,Birds,Yes,Q1264746,Yes,Yes,Yes,No
Herpsilochmus praedictus,Birds,Yes,Q15707874,Yes,Yes,Yes,No
Laniisoma elegans,Birds,Yes,Q600916,Yes,Yes,Yes,No
Myrmotherula iheringi,Birds,Yes,Q1259472,Yes,Yes,Yes,No
Phlegopsis borbae,Birds,Yes,Q97400282,Yes,Yes,No,No
Phyllomyias griseocapilla,Birds,Yes,Q1267324,Yes,No,Yes,Yes
Poecilotriccus senex,Birds,Yes,Q1271121,Yes,Yes,Yes,No
Rhegmatorhina berlepschi,Birds,Yes,Q541777,Yes,Yes,Yes,No
Sclerurus cearensis,Birds,Yes,Q21364630,Yes,Yes,Yes,No
Microspingus cinereus,Birds,Yes,Q28871834,Yes,Yes,Yes,No
Tangara brasiliensis,Birds,Yes,Q18468815,Yes,Yes,Yes,No
Embernagra longicauda,Birds,Yes,Q2668626,Yes,Yes,Yes,No
Myrmoderus squamosus,Birds,Yes,Q559139,Yes,Yes,Yes,No
Ortalis araucuan,Birds,Yes,Q3356701,Yes,Yes,Yes,No
Arremon franciscanus,Birds,Yes,Q148735,Yes,Yes,Yes,No
Machaeropterus regulus,Birds,Yes,Q74225,Yes,Yes,Yes,No
Myrmotherula klagesi,Birds,Yes,Q1273493,Yes,Yes,Yes,No
Synallaxis infuscata,Birds,Yes,Q1262596,Yes,No,Yes,Yes
Agelaioides fringillarius,Birds,Yes,Q18416168,Yes,Yes,Yes,No
Nemosia rourei,Birds,Yes,Q1300418,Yes,Yes,Yes,No
Tangara cyanomelas,Birds,Yes,Q7516890,Yes,No,Yes,Yes
Anabazenops fuscus,Birds,Yes,Q618567,Yes,Yes,Yes,No
Asthenes moreirae,Birds,Yes,Q1274371,Yes,Yes,Yes,No
Attila rufus,Birds,Yes,Q780888,Yes,Yes,Yes,No
Automolus lammi,Birds,Yes,Q1273293,Yes,No,Yes,Yes
Conopophaga melanops,Birds,Yes,Q686477,Yes,Yes,Yes,No
Cranioleuca pallida,Birds,Yes,Q869489,Yes,Yes,Yes,No
Drymophila ferruginea,Birds,Yes,Q113125,Yes,Yes,Yes,No
Aramides mangle,Birds,Yes,Q1259592,Yes,Yes,Yes,No
Hemithraupis ruficapilla,Birds,Yes,Q623428,Yes,Yes,Yes,No
Ilicura militaris,Birds,Yes,Q929200,Yes,Yes,Yes,No
Lepidocolaptes squamatus,Birds,Yes,Q1268825,Yes,Yes,Yes,No
Leptasthenura striolata,Birds,Yes,Q1266888,Yes,Yes,Yes,No
Megaxenops parnaguae,Birds,Yes,Q1038217,Yes,No,Yes,Yes
Myrmotherula minor,Birds,Yes,Q1269813,Yes,Yes,Yes,No
Neopelma chrysolophum,Birds,Yes,Q569847,Yes,Yes,Yes,No
Onychorhynchus swainsoni,Birds,Yes,Q25686505,Yes,Yes,Yes,No
Paroaria dominicana,Birds,Yes,Q2668576,Yes,Yes,Yes,No
Phacellodomus erythrophthalmus,Birds,Yes,Q1273734,Yes,Yes,Yes,No
Phylloscartes beckeri,Birds,Yes,Q737229,Yes,Yes,Yes,No
Phylloscartes kronei,Birds,Yes,Q1259930,Yes,Yes,Yes,No
Polystictus superciliaris,Birds,Yes,Q1274686,Yes,No,Yes,Yes
Pseudoseisura cristata,Birds,Yes,Q606661,Yes,Yes,Yes,No
Pyriglena atra,Birds,Yes,Q1275342,Yes,Yes,Yes,No
Rhopornis ardesiacus,Birds,Yes,Q781363,Yes,Yes,Yes,No
Sakesphorus luctuosus,Birds,Yes,Q1268109,Yes,Yes,Yes,No
Scytalopus novacapitalis,Birds,Yes,Q899144,Yes,Yes,Yes,No
Sporophila albogularis,Birds,Yes,Q2226617,Yes,Yes,Yes,No
Tangara cyanoventris,Birds,Yes,Q1587330,Yes,Yes,Yes,No
Thamnophilus ambiguus,Birds,Yes,Q1075996,Yes,Yes,Yes,No
Thamnophilus pelzelni,Birds,Yes,Q1076023,Yes,Yes,Yes,No
Thripophaga macroura,Birds,Yes,Q1261523,Yes,Yes,Yes,No
Todirostrum poliocephalum,Birds,Yes,Q839184,Yes,Yes,Yes,No
Xipholena atropurpurea,Birds,Yes,Q1305144,Yes,Yes,Yes,No
Amazona brasiliensis,Birds,Yes,Q906508,Yes,Yes,Yes,No
Amazona rhodocorytha,Birds,Yes,Q906468,Yes,Yes,Yes,No
Anopetia gounellei,Birds,Yes,Q518531,Yes,Yes,Yes,No
Aratinga jandaya,Birds,Yes,Q1271679,Yes,Yes,Yes,No
Augastes scutatus,Birds,Yes,Q1039427,Yes,Yes,Yes,No
Brotogeris tirica,Birds,Yes,Q1086851,Yes,Yes,Yes,No
Amadonastur lacernulatus,Birds,Yes,Q780340,Yes,Yes,Yes,No
Celeus obrieni,Birds,Yes,Q938004,Yes,Yes,Yes,No
Acrobatornis fonsecai,Birds,Yes,Q481985,Yes,Yes,Yes,No
Cercomacra brasiliana,Birds,Yes,Q1270869,Yes,Yes,Yes,No
Chamaeza meruloides,Birds,Yes,Q859954,Yes,Yes,Yes,No
Dysithamnus xanthopterus,Birds,Yes,Q1271721,Yes,Yes,Yes,No
Formicivora grantsaui,Birds,Yes,Q1262358,Yes,Yes,Yes,No
Synallaxis hellmayri,Birds,Yes,Q1029115,Yes,Yes,Yes,No
Hemitriccus mirandae,Birds,Yes,Q1262880,Yes,Yes,Yes,No
Furnarius figulus,Birds,Yes,Q1263101,Yes,Yes,Yes,No
Herpsilochmus pectoralis,Birds,Yes,Q1035712,Yes,Yes,Yes,No
Knipolegus nigerrimus,Birds,Yes,Q1269863,Yes,Yes,Yes,No
Drymophila squamata,Birds,Yes,Q1267703,Yes,Yes,Yes,No
Celeus ochraceus,Birds,Yes,Q15729246,Yes,Yes,Yes,No
Conothraupis mesoleuca,Birds,Yes,Q998530,Yes,Yes,Yes,No
Arremon semitorquatus,Birds,Yes,Q2668274,Yes,Yes,Yes,No
Spinus yarrellii,Birds,Yes,Q10820720,Yes,Yes,Yes,No
Compsothraupis loricata,Birds,Yes,Q868620,Yes,Yes,Yes,No
Dacnis nigripes,Birds,Yes,Q3011656,Yes,Yes,Yes,No
Cantorchilus longirostris,Birds,Yes,Q625446,Yes,Yes,Yes,No
Icterus jamacaii,Birds,Yes,Q1300667,Yes,Yes,Yes,No
Orchesticus abeillei,Birds,Yes,Q508261,Yes,No,Yes,Yes
Orthogonys chloricterus,Birds,Yes,Q278819,Yes,Yes,Yes,No
Sporophila ardesiaca,Birds,Yes,Q2226663,Yes,No,Yes,Yes
Tangara desmaresti,Birds,Yes,Q1587419,Yes,Yes,Yes,No
Guaruba guarouba,Birds,Yes,Q775300,Yes,Yes,Yes,No
Leptodon forbesi,Birds,Yes,Q1260180,Yes,Yes,Yes,No
Lipaugus ater,Birds,Yes,Q28921005,Yes,Yes,Yes,No
Myrmoderus ruficauda,Birds,Yes,Q28864172,Yes,Yes,Yes,No
Pyrrhura griseipectus,Birds,Yes,Q1262774,Yes,Yes,Yes,No
Scytalopus speluncae,Birds,Yes,Q1261490,Yes,No,Yes,Yes
Thamnophilus divisorius,Birds,Yes,Q1262041,Yes,Yes,Yes,No
Zimmerius chicomendesi,Birds,Yes,Q14857337,Yes,No,Yes,Yes
Pyrilia vulturina,Birds,Yes,Q933831,Yes,Yes,Yes,No
Pyrilia aurantiocephala,Birds,Yes,Q141801,Yes,Yes,Yes,No
Synallaxis simoni,Birds,Yes,Q31874246,Yes,No,Yes,Yes
Amazona kawalli,Birds,Yes,Q1274648,Yes,Yes,Yes,No
Aratinga auricapillus,Birds,Yes,Q303744,Yes,Yes,Yes,No
Cranioleuca muelleri,Birds,Yes,Q612193,Yes,Yes,Yes,No
Eleoscytalopus indigoticus,Birds,Yes,Q1270151,Yes,Yes,Yes,No
Eleoscytalopus psychopompus,Birds,Yes,Q788603,Yes,Yes,Yes,No
Merulaxis ater,Birds,Yes,Q1267757,Yes,Yes,Yes,No
Pyrrhura amazonum,Birds,Yes,Q2996196,Yes,Yes,Yes,No
Touit melanonotus,Birds,Yes,Q901745,Yes,Yes,Yes,No
Triclaria malachitacea,Birds,Yes,Q620349,Yes,Yes,Yes,No
Picumnus varzeae,Birds,Yes,Q1266954,Yes,Yes,Yes,No
Carpornis cucullata,Birds,Yes,Q1259040,Yes,Yes,Yes,No
Carpornis melanocephala,Birds,Yes,Q2223798,Yes,Yes,Yes,No
Hylopezus ochroleucus,Birds,Yes,Q627142,Yes,Yes,Yes,No
Lipaugus conditus,Birds,Yes,Q1921551,Yes,Yes,Yes,No
Lipaugus lanioides,Birds,Yes,Q1307606,Yes,Yes,Yes,No
Scytalopus diamantinensis,Birds,Yes,Q1270835,Yes,Yes,Yes,No
Scytalopus gonzagai,Birds,Yes,Q18120708,Yes,Yes,Yes,No
Scytalopus petrophilus,Birds,Yes,Q1274887,Yes,No,Yes,Yes
Picumnus limae,Birds,Yes,Q1270324,Yes,Yes,Yes,No
Myrmothera subcanescens,Birds,Yes,Q56547724,Yes,No,Yes,Yes
Malacoptila minor,Birds,No,NA,Yes,No,No,Yes
Pteroglossus azara,Birds,Yes,Q1061009,Yes,Yes,Yes,No
Penelope jacucaca,Birds,Yes,Q1078237,Yes,Yes,Yes,No
Touit surdus,Birds,Yes,Q1264307,Yes,Yes,Yes,No
Crax blumenbachii,Birds,Yes,Q685738,Yes,Yes,Yes,No
Thalurania watertonii,Birds,Yes,Q839933,Yes,Yes,Yes,No
Iodopleura pipra,Birds,Yes,Q63881,Yes,Yes,Yes,No
Myrmotherula urosticta,Birds,Yes,Q1262969,Yes,Yes,Yes,No
Herpsilochmus pileatus,Birds,Yes,Q1272989,Yes,Yes,Yes,No
Phylloscartes oustaleti,Birds,Yes,Q1268422,Yes,Yes,Yes,No
Phylloscartes roquettei,Birds,Yes,Q903114,Yes,Yes,Yes,No
Scytalopus iraiensis,Birds,Yes,Q1260717,Yes,No,Yes,Yes
Clytoctantes atrogularis,Birds,Yes,Q1263952,Yes,Yes,Yes,No
Drymophila ochropyga,Birds,Yes,Q1261312,Yes,Yes,Yes,No
Formicivora iheringi,Birds,Yes,Q1262083,Yes,Yes,Yes,No
Myrmoborus lugubris,Birds,Yes,Q1268056,Yes,Yes,Yes,No
Myrmotherula unicolor,Birds,Yes,Q1038577,Yes,Yes,Yes,No
Psophia viridis,Birds,Yes,Q785652,Yes,Yes,Yes,No
Rhegmatorhina gymnops,Birds,Yes,Q844201,Yes,Yes,Yes,No
Psophia dextralis,Birds,Yes,Q31873735,Yes,Yes,Yes,No
Cinclodes pabsti,Birds,Yes,Q1269639,Yes,Yes,Yes,No
Dendrocolaptes hoffmannsi,Birds,Yes,Q1259105,Yes,Yes,Yes,No
Vireo gracilirostris,Birds,Yes,Q628749,Yes,Yes,Yes,No
Elaenia ridleyana,Birds,Yes,Q930635,Yes,Yes,Yes,No
Sporophila beltoni,Birds,Yes,Q15952800,Yes,Yes,Yes,No
Tangara fastuosa,Birds,Yes,Q1071698,Yes,Yes,Yes,No
Cyanocorax hafferi,Birds,Yes,Q14948017,Yes,Yes,Yes,No
Xiphocolaptes falcirostris,Birds,Yes,Q796659,Yes,Yes,Yes,No
Hemitriccus orbitatus,Birds,Yes,Q1263854,Yes,Yes,Yes,No
Vanzosaura savanicola,Reptiles,Yes,Q17842461,Yes,Yes,Yes,No
Amphisbaena heathi,Reptiles,Yes,Q2844322,Yes,No,Yes,Yes
Enyalius catenatus,Reptiles,Yes,Q12256899,Yes,Yes,Yes,No
Nothobachia ablephara,Reptiles,Yes,Q604706,Yes,No,Yes,Yes
Dipsas alternans,Reptiles,Yes,Q3029211,Yes,No,Yes,Yes
Coleodactylus meridionalis,Reptiles,Yes,Q2982442,Yes,Yes,Yes,No
Colobodactylus dalcyanus,Reptiles,Yes,Q5313584,Yes,No,Yes,Yes
Atractus francoi,Reptiles,Yes,Q2869679,Yes,No,Yes,Yes
Liotyphlops trefauti,Reptiles,Yes,Q5084351,Yes,No,Yes,Yes
Amphisbaena littoralis,Reptiles,Yes,Q16504844,Yes,No,Yes,Yes
Ameivula mumbuca,Reptiles,Yes,Q2980961,Yes,Yes,Yes,No
Amphisbaena brevis,Reptiles,Yes,Q2844294,Yes,Yes,Yes,No
Ameiva parecis,Reptiles,Yes,Q2980970,Yes,Yes,Yes,No
Amphisbaena anaemariae,Reptiles,Yes,Q2844279,Yes,No,Yes,Yes
Gonatodes tapajonicus,Reptiles,Yes,Q3110433,Yes,No,Yes,Yes
Gymnodactylus amarali,Reptiles,Yes,Q11838823,Yes,Yes,Yes,No
Placosoma cordylinum,Reptiles,Yes,Q5313637,Yes,No,Yes,Yes
Thamnodynastes sertanejo,Reptiles,Yes,Q5083569,Yes,No,Yes,Yes
Ameivula pyrrhogularis,Reptiles,Yes,Q30005008,Yes,No,Yes,Yes
Stenocercus squarrosus,Reptiles,Yes,Q3013488,Yes,No,Yes,Yes
Amphisbaena talisiae,Reptiles,Yes,Q2844378,Yes,Yes,Yes,No
Pseudoboa serrana,Reptiles,Yes,Q5083824,Yes,No,Yes,Yes
Siphlophis pulcher,Reptiles,Yes,Q3485183,Yes,No,Yes,Yes
Urostrophus vautieri,Reptiles,Yes,Q12268702,Yes,No,Yes,Yes
Xenodon guentheri,Reptiles,Yes,Q3570884,Yes,No,Yes,Yes
Amphisbaena bedai,Reptiles,Yes,Q2844290,Yes,No,Yes,Yes
Boiruna sertaneja,Reptiles,Yes,Q2908903,Yes,Yes,Yes,No
Epictia clinorostris,Reptiles,Yes,Q3055735,Yes,Yes,Yes,No
Trilepida acutirostris,Reptiles,Yes,Q3482880,Yes,No,Yes,Yes
Tropidurus hygomi,Reptiles,Yes,Q3540748,Yes,No,Yes,Yes
Dipsas sazimai,Reptiles,Yes,Q3029238,Yes,Yes,Yes,No
Amphisbaena arda,Reptiles,Yes,Q2844282,Yes,No,Yes,Yes
Atractus altagratiae,Reptiles,Yes,Q2869631,Yes,No,Yes,Yes
Amphisbaena mitchelli,Reptiles,Yes,Q2844348,Yes,Yes,Yes,No
Bothrops itapetiningae,Reptiles,Yes,Q3021371,Yes,Yes,Yes,No
Atractus alphonsehogei,Reptiles,Yes,Q2869635,Yes,No,Yes,Yes
Micrurus decoratus,Reptiles,Yes,Q3312510,Yes,Yes,Yes,No
Apostolepis gaboi,Reptiles,Yes,Q2858543,Yes,No,Yes,Yes
Procellosaurinus erythrocercus,Reptiles,Yes,Q5265388,Yes,Yes,Yes,No
Amerotyphlops yonenagae,Reptiles,Yes,Q3010348,Yes,No,Yes,Yes
Liolaemus lutzae,Reptiles,Yes,Q3727515,Yes,Yes,Yes,No
Clelia hussami,Reptiles,Yes,Q5084019,Yes,No,Yes,Yes
Copeoglossum arajara,Reptiles,Yes,Q2996740,Yes,No,Yes,Yes
Atractus maculatus,Reptiles,Yes,Q2869711,Yes,No,Yes,Yes
Bachia scolecoides,Reptiles,Yes,Q5266577,Yes,No,Yes,Yes
Calyptommatus nicterus,Reptiles,Yes,Q5313603,Yes,No,Yes,Yes
Amphisbaena maranhensis,Reptiles,Yes,Q11848453,Yes,No,Yes,Yes
Amphisbaena cuiabana,Reptiles,Yes,Q2844310,Yes,Yes,Yes,No
Tropidophis grapiuna,Reptiles,Yes,Q3540682,Yes,No,Yes,Yes
Liotyphlops wilderi,Reptiles,Yes,Q3019528,Yes,No,Yes,Yes
Contomastix vacariensis,Reptiles,Yes,Q2980983,Yes,No,Yes,Yes
Amphisbaena anomala,Reptiles,Yes,Q2844281,Yes,Yes,Yes,No
Atractus albuquerquei,Reptiles,Yes,Q2710204,Yes,Yes,Yes,No
Heterodactylus imbricatus,Reptiles,Yes,Q5263588,Yes,No,Yes,Yes
Anolis phyllorhinus,Reptiles,Yes,Q2503231,Yes,Yes,Yes,No
Bothrops otavioi,Reptiles,Yes,Q2911783,Yes,Yes,Yes,No
Loxopholis ferreirai,Reptiles,Yes,Q28913962,Yes,No,Yes,Yes
Dibernardia affinis,Reptiles,Yes,Q3513760,Yes,No,Yes,Yes
Micrablepharus atticolus,Reptiles,Yes,Q5313438,Yes,No,Yes,Yes
Tropidurus helenae,Reptiles,Yes,Q3540745,Yes,No,Yes,Yes
Tropidophis paucisquamis,Reptiles,Yes,Q550126,Yes,Yes,Yes,No
Dipsas neuwiedi,Reptiles,Yes,Q81852100,Yes,Yes,Yes,No
Lioheterophis iheringi,Reptiles,Yes,Q647801,Yes,No,Yes,Yes
Caparaonia itaiquara,Reptiles,Yes,Q13583254,Yes,No,Yes,Yes
Dipsas albifrons,Reptiles,Yes,Q3029210,Yes,No,Yes,Yes
Amphisbaena lumbricalis,Reptiles,Yes,Q2844337,Yes,No,Yes,Yes
Procellosaurinus tetradactylus,Reptiles,Yes,Q5260286,Yes,No,Yes,Yes
Apostolepis polylepis,Reptiles,Yes,Q2858554,Yes,No,Yes,Yes
Anotosaura vanzolinia,Reptiles,Yes,Q2852382,Yes,No,Yes,Yes
Tropidurus cocorobensis,Reptiles,Yes,Q3540739,Yes,No,Yes,Yes
Bothrops muriciensis,Reptiles,Yes,Q2911780,Yes,Yes,Yes,No
Amphisbaena acrobeles,Reptiles,Yes,Q2844271,Yes,No,Yes,Yes
Leposternon octostegum,Reptiles,Yes,Q5075375,Yes,Yes,Yes,No
Psychosaura macrorhyncha,Reptiles,Yes,Q3410128,Yes,No,Yes,Yes
Colobosauroides carvalhoi,Reptiles,Yes,Q5247678,Yes,No,Yes,Yes
Ameivula nativo,Reptiles,Yes,Q2980964,Yes,Yes,Yes,No
Brasiliscincus heathi,Reptiles,Yes,Q2923937,Yes,Yes,Yes,No
Apostolepis arenaria,Reptiles,Yes,Q2858534,Yes,No,Yes,Yes
Epictia borapeliotes,Reptiles,Yes,Q3005656,Yes,Yes,Yes,No
Coleodactylus elizae,Reptiles,Yes,Q2982434,Yes,No,Yes,Yes
Tropidodryas striaticeps,Reptiles,Yes,Q3540649,Yes,No,Yes,Yes
Micrurus ibiboboca,Reptiles,Yes,Q3312531,Yes,Yes,Yes,No
Trachylepis atlantica,Reptiles,Yes,Q1938546,Yes,Yes,Yes,No
Amphisbaena ignatiana,Reptiles,Yes,Q2844330,Yes,No,Yes,Yes
Chironius laevicollis,Reptiles,Yes,Q2963947,Yes,No,Yes,Yes
Amphisbaena sanctaeritae,Reptiles,Yes,Q2844365,Yes,Yes,Yes,No
Rhachisaurus brachylepis,Reptiles,Yes,Q13583188,Yes,No,Yes,Yes
Amphisbaena dubia,Reptiles,Yes,Q2844313,Yes,No,Yes,Yes
Bachia geralista,Reptiles,Yes,Q11848403,Yes,No,Yes,Yes
Amphisbaena supernumeraria,Reptiles,Yes,Q2844374,Yes,No,Yes,Yes
Strobilurus torquatus,Reptiles,Yes,Q2270696,Yes,Yes,Yes,No
Amphisbaena leucocephala,Reptiles,Yes,Q2844336,Yes,No,Yes,Yes
Amphisbaena steindachneri,Reptiles,Yes,Q2844370,Yes,No,Yes,Yes
Dryophylax almae,Reptiles,Yes,Q131736602,Yes,No,Yes,Yes
Tropidurus itambere,Reptiles,Yes,Q3017910,Yes,Yes,Yes,No
Bachia scaea,Reptiles,Yes,Q14391192,Yes,No,Yes,Yes
Micrurus brasiliensis,Reptiles,Yes,Q3312503,Yes,Yes,Yes,No
Pseudogonatodes gasconi,Reptiles,Yes,Q3409744,Yes,No,Yes,Yes
Erythrolamprus viridis,Reptiles,Yes,Q3019868,Yes,Yes,Yes,No
Gonatodes eladioi,Reptiles,Yes,Q5089364,Yes,Yes,Yes,No
Dibernardia persimilis,Reptiles,Yes,Q116635948,Yes,No,Yes,Yes
Calyptommatus sinebrachiatus,Reptiles,Yes,Q5313477,Yes,No,Yes,Yes
Leposoma baturitensis,Reptiles,Yes,Q6450724,Yes,No,Yes,Yes
Calyptommatus leiolepis,Reptiles,Yes,Q5243320,Yes,No,Yes,Yes
Anolis brasiliensis,Reptiles,Yes,Q3343935,Yes,Yes,Yes,No
Enyalius iheringii,Reptiles,Yes,Q5314268,Yes,Yes,Yes,No
Phalotris concolor,Reptiles,Yes,Q3378012,Yes,No,Yes,Yes
Gymnodactylus vanzolinii,Reptiles,Yes,Q6374238,Yes,Yes,Yes,No
Trilepida fuliginosa,Reptiles,Yes,Q3539168,Yes,No,Yes,Yes
Amphisbaena kraoh,Reptiles,Yes,Q2844333,Yes,Yes,Yes,No
Amphisbaena neglecta,Reptiles,Yes,Q2844351,Yes,Yes,Yes,No
Amphisbaena miringoera,Reptiles,Yes,Q2844346,Yes,Yes,Yes,No
Tantilla boipiranga,Reptiles,Yes,Q3008890,Yes,Yes,Yes,No
Elapomorphus wuchereri,Reptiles,Yes,Q3050437,Yes,Yes,Yes,No
Amerotyphlops paucisquamus,Reptiles,Yes,Q3062065,Yes,No,Yes,Yes
Trilepida brasiliensis,Reptiles,Yes,Q3012278,Yes,No,Yes,Yes
Chironius foveatus,Reptiles,Yes,Q2963942,Yes,No,Yes,Yes
Amphisbaena hastata,Reptiles,Yes,Q2844321,Yes,No,Yes,Yes
Gonatodes nascimentoi,Reptiles,Yes,Q3110420,Yes,No,Yes,Yes
Leposternon maximus,Reptiles,Yes,Q58206872,Yes,No,Yes,Yes
Heterodactylus septentrionalis,Reptiles,Yes,Q3134789,Yes,No,Yes,Yes
Mussurana montana,Reptiles,Yes,Q3328872,Yes,No,Yes,Yes
Atractus guentheri,Reptiles,Yes,Q2869689,Yes,No,Yes,Yes
Trilepida koppesi,Reptiles,Yes,Q3004410,Yes,No,Yes,Yes
Tropidurus semitaeniatus,Reptiles,Yes,Q3540757,Yes,Yes,Yes,No
Colobodactylus taunayi,Reptiles,Yes,Q5265814,Yes,No,Yes,Yes
Pseudoboa martinsi,Reptiles,Yes,Q3409618,Yes,No,Yes,Yes
Erythrolamprus carajasensis,Reptiles,Yes,Q3242028,Yes,No,Yes,Yes
Echinanthera melanostigma,Reptiles,Yes,Q3046955,Yes,No,Yes,Yes
Trilepida salgueiroi,Reptiles,Yes,Q3005714,Yes,No,Yes,Yes
Anotosaura collaris,Reptiles,Yes,Q2852384,Yes,No,Yes,Yes
Bothrops marmoratus,Reptiles,Yes,Q2911773,Yes,Yes,Yes,No
Stenolepis ridleyi,Reptiles,Yes,Q603202,Yes,No,Yes,Yes
Vanzosaura multiscutata,Reptiles,Yes,Q81849273,Yes,No,Yes,Yes
Bachia cacerensis,Reptiles,Yes,Q5241826,Yes,Yes,Yes,No
Bachia oxyrhina,Reptiles,Yes,Q48715,Yes,Yes,Yes,No
Atractus spinalis,Reptiles,Yes,Q14326830,Yes,No,Yes,Yes
Bothrops marajoensis,Reptiles,Yes,Q2911779,Yes,Yes,Yes,No
Placosoma cipoense,Reptiles,Yes,Q5313707,Yes,No,Yes,Yes
Apostolepis goiasensis,Reptiles,Yes,Q2858544,Yes,Yes,Yes,No
Leposoma sinepollex,Reptiles,Yes,Q14542186,Yes,No,Yes,Yes
Bachia micromela,Reptiles,Yes,Q2878294,Yes,No,Yes,Yes
Leposoma scincoides,Reptiles,Yes,Q5314072,Yes,No,Yes,Yes
Enyalius pictus,Reptiles,Yes,Q5242230,Yes,No,Yes,Yes
Phyllopezus periosus,Reptiles,Yes,Q3381944,Yes,Yes,Yes,No
Siphlophis longicaudatus,Reptiles,Yes,Q3485182,Yes,No,Yes,Yes
Leposternon kisteumacheri,Reptiles,Yes,Q55365957,Yes,No,Yes,Yes
Amphisbaena arenaria,Reptiles,Yes,Q2709051,Yes,No,Yes,Yes
Amphisbaena crisae,Reptiles,Yes,Q2844307,Yes,Yes,Yes,No
Rodriguesophis chui,Reptiles,Yes,Q3381308,Yes,No,Yes,Yes
Eurolophosaurus nanuzae,Reptiles,Yes,Q948340,Yes,Yes,Yes,No
Phalotris lativittatus,Reptiles,Yes,Q3378019,Yes,No,Yes,Yes
Tupinambis palustris,Reptiles,Yes,Q682498,Yes,Yes,Yes,No
Corallus cropanii,Reptiles,Yes,Q1938535,Yes,Yes,Yes,No
Leposternon polystegum,Reptiles,Yes,Q58206869,Yes,No,Yes,Yes
Dibernardia bilineata,Reptiles,Yes,Q3513764,Yes,No,Yes,Yes
Bothrops pirajai,Reptiles,Yes,Q2911793,Yes,Yes,Yes,No
Erythrolamprus mossoroensis,Reptiles,Yes,Q3242045,Yes,No,Yes,Yes
Anolis nasofrontalis,Reptiles,Yes,Q2377290,Yes,No,Yes,Yes
Psychosaura agmosticha,Reptiles,Yes,Q3410126,Yes,No,Yes,Yes
Liotyphlops caissara,Reptiles,Yes,Q3242098,Yes,No,Yes,Yes
Bothrops leucurus,Reptiles,Yes,Q2911775,Yes,Yes,Yes,No
Bothrops neuwiedi,Reptiles,Yes,Q2606164,Yes,Yes,Yes,No
Bachia didactyla,Reptiles,Yes,Q2878287,Yes,Yes,Yes,No
Amphisbaena pretrei,Reptiles,Yes,Q2844359,Yes,Yes,Yes,No
Bothrops erythromelas,Reptiles,Yes,Q2480849,Yes,Yes,Yes,No
Placosoma glabellum,Reptiles,Yes,Q3390803,Yes,No,Yes,Yes
Amphisbaena tragorrhectes,Reptiles,Yes,Q2844381,Yes,No,Yes,Yes
Atractus zebrinus,Reptiles,Yes,Q2869795,Yes,No,Yes,Yes
Amphisbaena carli,Reptiles,Yes,Q2844296,Yes,No,Yes,Yes
Marinussaurus curupira,Reptiles,Yes,Q13583238,Yes,No,Yes,Yes
Apostolepis serrana,Reptiles,Yes,Q2858553,Yes,Yes,Yes,No
Amphisbaena nigricauda,Reptiles,Yes,Q2844352,Yes,No,Yes,Yes
Amphisbaena absaberi,Reptiles,Yes,Q2844274,Yes,No,Yes,Yes
Philodryas arnaldoi,Reptiles,Yes,Q3381129,Yes,No,Yes,Yes
Diploglossus lessonae,Reptiles,Yes,Q2546359,Yes,Yes,Yes,No
Tropidurus psammonastes,Reptiles,Yes,Q5073538,Yes,No,Yes,Yes
Coleodactylus brachystoma,Reptiles,Yes,Q2982436,Yes,Yes,Yes,No
Tropidurus erythrocephalus,Reptiles,Yes,Q3540741,Yes,Yes,Yes,No
Adelphostigma quadriocellata,Reptiles,Yes,Q134376318,Yes,No,Yes,Yes
Apostolepis longicaudata,Reptiles,Yes,Q2366635,Yes,No,Yes,Yes
Brasiliscincus agilis,Reptiles,Yes,Q2923930,Yes,No,Yes,Yes
Amphisbaena bilabialata,Reptiles,Yes,Q2844291,Yes,Yes,Yes,No
Echinanthera cephalostriata,Reptiles,Yes,Q3046952,Yes,No,Yes,Yes
Amphisbaena brasiliana,Reptiles,Yes,Q2844295,Yes,Yes,Yes,No
Heterodactylus lundii,Reptiles,Yes,Q5258372,Yes,No,Yes,Yes
Atractus surucucu,Reptiles,Yes,Q2869768,Yes,No,Yes,Yes
Apostolepis nelsonjorgei,Reptiles,Yes,Q2858548,Yes,No,Yes,Yes
Bachia panoplia,Reptiles,Yes,Q5241274,Yes,No,Yes,Yes
Coronelaps lepidus,Reptiles,Yes,Q25506872,Yes,No,Yes,Yes
Gymnodactylus geckoides,Reptiles,Yes,Q527912,Yes,No,Yes,Yes
Bothrops alcatraz,Reptiles,Yes,Q2911758,Yes,Yes,Yes,No
Enyalius leechii,Reptiles,Yes,Q5314598,Yes,Yes,Yes,No
Eurolophosaurus divaricatus,Reptiles,Yes,Q3060662,Yes,No,Yes,Yes
Amphisbaena hogei,Reptiles,Yes,Q2844324,Yes,No,Yes,Yes
Tropidurus mucujensis,Reptiles,Yes,Q664141,Yes,No,Yes,Yes
Tropidurus montanus,Reptiles,Yes,Q3540752,Yes,No,Yes,Yes
Amphisbaena bahiana,Reptiles,Yes,Q2844284,Yes,No,Yes,Yes
Tropidurus pinima,Reptiles,Yes,Q3540755,Yes,No,Yes,Yes
Apostolepis borellii,Reptiles,Yes,Q23309083,Yes,Yes,Yes,No
Psomophis joberti,Reptiles,Yes,Q3409996,Yes,No,Yes,Yes
Ameivula jalapensis,Reptiles,Yes,Q2980948,Yes,No,Yes,Yes
Liolaemus arambarensis,Reptiles,Yes,Q5089320,Yes,Yes,Yes,No
Apostolepis striata,Reptiles,Yes,Q2858555,Yes,No,Yes,Yes
Enyalius erythroceneus,Reptiles,Yes,Q5246538,Yes,No,Yes,Yes
Thamnodynastes longicauda,Reptiles,Yes,Q5093813,Yes,No,Yes,Yes
Atractus serranus,Reptiles,Yes,Q2869767,Yes,No,Yes,Yes
Amphisbaena cunhai,Reptiles,Yes,Q2844312,Yes,No,Yes,Yes
Atractus ronnie,Reptiles,Yes,Q2869758,Yes,No,Yes,Yes
Rodriguesophis iglesiasi,Reptiles,Yes,Q3381311,Yes,No,Yes,Yes
Bachia psamophila,Reptiles,Yes,Q2878301,Yes,No,Yes,Yes
Dendrophidion atlantica,Reptiles,Yes,Q3022370,Yes,No,Yes,Yes
Amphisbaena saxosa,Reptiles,Yes,Q2844367,Yes,No,Yes,Yes
Amphisbaena frontalis,Reptiles,Yes,Q2844315,Yes,No,Yes,Yes
Atractus hoogmoedi,Reptiles,Yes,Q2869692,Yes,No,Yes,Yes
Erythrolamprus atraventer,Reptiles,Yes,Q2712920,Yes,No,Yes,Yes
Gymnodactylus guttulatus,Reptiles,Yes,Q3122665,Yes,No,Yes,Yes
Stenocercus dumerilii,Reptiles,Yes,Q3010790,Yes,Yes,Yes,No
Leposternon wuchereri,Reptiles,Yes,Q5082256,Yes,No,Yes,Yes
Tropidophis preciosus,Reptiles,Yes,Q3540685,Yes,No,Yes,Yes
Coleodactylus natalensis,Reptiles,Yes,Q2709923,Yes,Yes,Yes,No
Trilepida jani,Reptiles,Yes,Q3538960,Yes,No,Yes,Yes
Xenodon nattereri,Reptiles,Yes,Q3570887,Yes,No,Yes,Yes
Amphisbaena carvalhoi,Reptiles,Yes,Q2844303,Yes,No,Yes,Yes
Psilops paeminosus,Reptiles,Yes,Q56707456,Yes,No,Yes,Yes
Phalotris nasutus,Reptiles,Yes,Q3378025,Yes,No,Yes,Yes
Tropidurus imbituba,Reptiles,Yes,Q14559235,Yes,No,Yes,Yes
Acratosaura mentalis,Reptiles,Yes,Q2823468,Yes,Yes,Yes,No
Tupinambis quadrilineatus,Reptiles,Yes,Q3542221,Yes,No,Yes,Yes
Atractus trihedrurus,Reptiles,Yes,Q2869781,Yes,No,Yes,Yes
Stenocercus tricristatus,Reptiles,Yes,Q3498306,Yes,Yes,Yes,No
Amnisiophis amoenus,Reptiles,Yes,Q3046949,Yes,No,Yes,Yes
Cercosaura quadrilineata,Reptiles,Yes,Q5313224,Yes,No,Yes,Yes
Colobosauroides cearensis,Reptiles,Yes,Q5313827,Yes,No,Yes,Yes
Amphisbaena uroxena,Reptiles,Yes,Q2844379,Yes,No,Yes,Yes
Bothrops insularis,Reptiles,Yes,Q670143,Yes,Yes,Yes,No
Bothrops fonsecai,Reptiles,Yes,Q3021758,Yes,Yes,Yes,No
Hemidactylus agrius,Reptiles,Yes,Q3130033,Yes,Yes,Yes,No
Enyalius perditus,Reptiles,Yes,Q5314764,Yes,No,Yes,Yes
Alexandresaurus camacan,Reptiles,Yes,Q13583252,Yes,No,Yes,Yes
Enyalius bibronii,Reptiles,Yes,Q5258801,Yes,No,Yes,Yes
Brasiliscincus caissara,Reptiles,Yes,Q2923935,Yes,No,Yes,Yes
Epicrates assisi,Reptiles,Yes,Q3055726,Yes,Yes,Yes,No
Enyalius brasiliensis,Reptiles,Yes,Q5314377,Yes,No,Yes,Yes
Phyllopezus lutzae,Reptiles,Yes,Q2930358,Yes,No,Yes,Yes
Leposoma annectans,Reptiles,Yes,Q3229963,Yes,No,Yes,Yes
Echinanthera undulata,Reptiles,Yes,Q3046957,Yes,No,Yes,Yes
Dryadosaura nordestina,Reptiles,Yes,Q13583231,Yes,No,Yes,Yes
Elapomorphus quinquelineatus,Reptiles,Yes,Q3050432,Yes,No,Yes,Yes
Scriptosaura catimbau,Reptiles,Yes,Q14421592,Yes,No,Yes,Yes
Leposoma nanodactylus,Reptiles,Yes,Q5314109,Yes,No,Yes,Yes
Liotyphlops schubarti,Reptiles,Yes,Q262443,Yes,No,Yes,Yes
Tropidodryas serra,Reptiles,Yes,Q3540645,Yes,No,Yes,Yes
Loxopholis osvaldoi,Reptiles,Yes,Q28946641,Yes,No,Yes,Yes
Atractus potschi,Reptiles,Yes,Q2869752,Yes,No,Yes,Yes
Bothrops lutzi,Reptiles,Yes,Q2057222,Yes,Yes,Yes,No
Echinanthera cephalomaculata,Reptiles,Yes,Q3046951,Yes,No,Yes,Yes
Hemidactylus brasilianus,Reptiles,Yes,Q4740143,Yes,Yes,Yes,No
Apostolepis vittata,Reptiles,Yes,Q2858561,Yes,Yes,Yes,No
Ameivula cyanura,Reptiles,Yes,Q2980945,Yes,No,Yes,Yes
Siphlophis leucocephalus,Reptiles,Yes,Q3485180,Yes,Yes,Yes,No
Amphisbaena caiari,Reptiles,Yes,Q17310259,Yes,No,Yes,Yes
Apostolepis albicollaris,Reptiles,Yes,Q2409228,Yes,No,Yes,Yes
Atractus pantostictus,Reptiles,Yes,Q2869745,Yes,No,Yes,Yes
Gymnodactylus darwinii,Reptiles,Yes,Q2410091,Yes,Yes,Yes,No
Stenocercus sinesaccus,Reptiles,Yes,Q3498297,Yes,No,Yes,Yes
Apostolepis christineae,Reptiles,Yes,Q2858538,Yes,Yes,Yes,No
Micrurus potyguara,Reptiles,Yes,Q18011537,Yes,Yes,Yes,No
Tropidurus oreadicus,Reptiles,Yes,Q2414670,Yes,Yes,Yes,No
Leposternon cerradensis,Reptiles,Yes,Q2844305,Yes,Yes,Yes,No
Enyalius bilineatus,Reptiles,Yes,Q5313814,Yes,Yes,Yes,No
Mesobaena rhachicephala,Reptiles,Yes,Q3306869,Yes,No,Yes,Yes
Stenocercus quinarius,Reptiles,Yes,Q3012701,Yes,No,Yes,Yes
Anolis pseudotigrinus,Reptiles,Yes,Q2503778,Yes,No,Yes,Yes
Amphisbaena ridleyi,Reptiles,Yes,Q2711079,Yes,Yes,Yes,No
Amerotyphlops amoipira,Reptiles,Yes,Q29032536,Yes,Yes,No,No
Rodriguesophis scriptorcibatus,Reptiles,Yes,Q3381313,Yes,No,Yes,Yes
Acratosaura spinosa,Reptiles,Yes,Q2823469,Yes,Yes,Yes,No
Leposternon infraorbitale,Reptiles,Yes,Q5075152,Yes,Yes,Yes,No
Apostolepis cearensis,Reptiles,Yes,Q2858539,Yes,No,Yes,Yes
Atractus edioi,Reptiles,Yes,Q5069836,Yes,No,Yes,Yes
Calamodontophis ronaldoi,Reptiles,Yes,Q2933555,Yes,No,Yes,Yes
Calyptommatus confusionibus,Reptiles,Yes,Q5313846,Yes,No,Yes,Yes
Apostolepis lineata,Reptiles,Yes,Q86693938,Yes,No,Yes,Yes
Ecpleopus gaudichaudii,Reptiles,Yes,Q2191079,Yes,No,Yes,Yes
Leposoma puk,Reptiles,Yes,Q5314021,Yes,No,Yes,Yes
Ameivula confusioniba,Reptiles,Yes,Q2980941,Yes,No,Yes,Yes
Tropidurus jaguaribanus,Reptiles,Yes,Q3540747,Yes,No,Yes,Yes
Tropidurus insulanus,Reptiles,Yes,Q3540746,Yes,Yes,Yes,No
Apostolepis flavotorquata,Reptiles,Yes,Q5089849,Yes,Yes,Yes,No
Leposternon scutigerum,Reptiles,Yes,Q58206871,Yes,No,Yes,Yes
Phalotris labiomaculatus,Reptiles,Yes,Q3378016,Yes,No,Yes,Yes
Atractus caete,Reptiles,Yes,Q2869648,Yes,No,Yes,Yes
Caaeteboia amarali,Reptiles,Yes,Q2932211,Yes,No,Yes,Yes
Eurolophosaurus amathites,Reptiles,Yes,Q949295,Yes,No,Yes,Yes
Lygodactylus klugei,Reptiles,Yes,Q5086406,Yes,Yes,Yes,No
Ameivula nigrigula,Reptiles,Yes,Q2980966,Yes,No,Yes,Yes
Akodon cursor,Mammals,Yes,Q306995,Yes,Yes,Yes,No
Akodon lindberghi,Mammals,Yes,Q1767022,Yes,Yes,Yes,No
Akodon sanctipaulensis,Mammals,Yes,Q1768545,Yes,Yes,Yes,No
Alouatta ululata,Mammals,Yes,Q1353729,Yes,Yes,Yes,No
Ateles marginatus,Mammals,Yes,Q944704,Yes,Yes,Yes,No
Brachyteles arachnoides,Mammals,Yes,Q1140418,Yes,Yes,Yes,No
Brachyteles hypoxanthus,Mammals,Yes,Q559289,Yes,Yes,Yes,No
Cacajao calvus,Mammals,Yes,Q377612,Yes,Yes,Yes,No
Cacajao novaesi,Mammals,Yes,Q112242045,Yes,No,Yes,Yes
Cacajao rubicundus,Mammals,Yes,Q40983986,Yes,No,Yes,Yes
Callicebus personatus,Mammals,Yes,Q280835,Yes,Yes,Yes,No
Callithrix aurita,Mammals,Yes,Q1150912,Yes,Yes,Yes,No
Callithrix flaviceps,Mammals,Yes,Q1152335,Yes,Yes,Yes,No
Callithrix geoffroyi,Mammals,Yes,Q934635,Yes,Yes,Yes,No
Callithrix kuhlii,Mammals,Yes,Q588728,Yes,Yes,Yes,No
Carterodon sulcidens,Mammals,Yes,Q1768725,Yes,Yes,Yes,No
Cavia fulgida,Mammals,Yes,Q1769896,Yes,Yes,Yes,No
Sapajus xanthosternos,Mammals,Yes,Q28154803,Yes,Yes,Yes,No
Chaetomys subspinosus,Mammals,Yes,Q894229,Yes,Yes,Yes,No
Chiropotes albinasus,Mammals,Yes,Q1030670,Yes,Yes,Yes,No
Coendou nycthemera,Mammals,Yes,Q1761558,Yes,Yes,Yes,No
Ctenomys minutus,Mammals,Yes,Q1769927,Yes,Yes,Yes,No
Dasyprocta prymnolopha,Mammals,Yes,Q1764161,Yes,Yes,Yes,No
Delomys sublineatus,Mammals,Yes,Q1762231,Yes,Yes,Yes,No
Lycalopex vetulus,Mammals,Yes,Q257432,Yes,Yes,Yes,No
Phyllomys brasiliensis,Mammals,Yes,Q302102,Yes,Yes,Yes,No
Phyllomys dasythrix,Mammals,Yes,Q303676,Yes,Yes,Yes,No
Toromys grandis,Mammals,Yes,Q302748,Yes,Yes,Yes,No
Phyllomys lamarum,Mammals,Yes,Q302628,Yes,Yes,Yes,No
Phyllomys nigrispinus,Mammals,Yes,Q1765535,Yes,Yes,Yes,No
Callistomys pictus,Mammals,Yes,Q302775,Yes,Yes,Yes,No
Phyllomys thomasi,Mammals,Yes,Q302755,Yes,Yes,Yes,No
Phyllomys unicolor,Mammals,Yes,Q304983,Yes,Yes,Yes,No
Galea spixii,Mammals,Yes,Q305695,Yes,Yes,Yes,No
Isothrix pagurus,Mammals,Yes,Q302727,Yes,Yes,Yes,No
Kerodon rupestris,Mammals,Yes,Q1769116,Yes,Yes,Yes,No
Lasiurus ebenus,Mammals,Yes,Q305680,Yes,Yes,Yes,No
Leontopithecus caissara,Mammals,Yes,Q1065007,Yes,Yes,Yes,No
Leontopithecus chrysopygus,Mammals,Yes,Q290591,Yes,Yes,Yes,No
Leontopithecus rosalia,Mammals,Yes,Q208486,Yes,Yes,Yes,No
Lonchophylla bokermanni,Mammals,Yes,Q1833710,Yes,Yes,Yes,No
Lonchophylla dekeyseri,Mammals,Yes,Q1832889,Yes,Yes,Yes,No
Lonchophylla mordax,Mammals,Yes,Q1832090,Yes,Yes,Yes,No
Lonchothrix emiliae,Mammals,Yes,Q390155,Yes,Yes,Yes,No
Marmosops incanus,Mammals,Yes,Q194930,Yes,Yes,Yes,No
Mesomys stimulax,Mammals,Yes,Q1768332,Yes,Yes,Yes,No
Glyphonycteris behnii,Mammals,Yes,Q1832524,Yes,Yes,Yes,No
Monodelphis iheringi,Mammals,Yes,Q194475,Yes,Yes,Yes,No
Oecomys cleberi,Mammals,Yes,Q1770082,Yes,Yes,Yes,No
Euryoryzomys lamia,Mammals,Yes,Q1765807,Yes,Yes,Yes,No
Hylaeamys oniscus,Mammals,Yes,Q2359427,Yes,Yes,Yes,No
Cerradomys subflavus,Mammals,Yes,Q1767542,Yes,Yes,Yes,No
Phaenomys ferrugineus,Mammals,Yes,Q1763562,Yes,Yes,Yes,No
Platyrrhinus recifinus,Mammals,Yes,Q952523,Yes,Yes,Yes,No
Trinomys albispinus,Mammals,Yes,Q1768378,Yes,Yes,Yes,No
Trinomys dimidiatus,Mammals,Yes,Q1761812,Yes,Yes,Yes,No
Proechimys goeldii,Mammals,Yes,Q1762300,Yes,Yes,Yes,No
Trinomys iheringi,Mammals,Yes,Q1763994,Yes,Yes,Yes,No
Proechimys roberti,Mammals,Yes,Q1766118,Yes,Yes,Yes,No
Trinomys setosus,Mammals,Yes,Q1769334,Yes,Yes,Yes,No
Rhagomys rufescens,Mammals,Yes,Q1765813,Yes,Yes,Yes,No
Rhipidomys mastacalis,Mammals,Yes,Q588724,Yes,Yes,Yes,No
Leontocebus cruzlimai,Mammals,Yes,Q25384553,Yes,Yes,Yes,No
Saimiri vanzolinii,Mammals,Yes,Q1266116,Yes,Yes,Yes,No
Coendou insidiosus,Mammals,Yes,Q28155039,Yes,Yes,Yes,No
Thalpomys lasiotis,Mammals,Yes,Q1768860,Yes,Yes,Yes,No
Thrichomys apereoides,Mammals,Yes,Q1770247,Yes,Yes,Yes,No
Tolypeutes tricinctus,Mammals,Yes,Q111846,Yes,Yes,Yes,No
Euryoryzomys emmonsae,Mammals,Yes,Q1763310,Yes,Yes,Yes,No
Oligoryzomys stramineus,Mammals,Yes,Q1765642,Yes,Yes,Yes,No
Mico chrysoleucos,Mammals,Yes,Q1206327,Yes,Yes,Yes,No
Mico intermedius,Mammals,Yes,Q28154771,Yes,Yes,Yes,No
Mico leucippe,Mammals,Yes,Q20890512,Yes,Yes,Yes,No
Mico nigriceps,Mammals,Yes,Q20873070,Yes,Yes,Yes,No
Mico marcai,Mammals,Yes,Q20891170,Yes,Yes,Yes,No
Callicebus barbarabrownae,Mammals,Yes,Q1350660,Yes,Yes,Yes,No
Callicebus melanochir,Mammals,Yes,Q1365685,Yes,Yes,Yes,No
Callicebus nigrifrons,Mammals,Yes,Q1350681,Yes,Yes,Yes,No
Callicebus coimbrai,Mammals,Yes,Q1107227,Yes,Yes,Yes,No
Chiropotes satanas,Mammals,Yes,Q1140251,Yes,Yes,Yes,No
Alouatta belzebul,Mammals,Yes,Q739571,Yes,Yes,Yes,No
Cebus kaapori,Mammals,Yes,Q1365676,Yes,Yes,Yes,No
Micronycteris sanborni,Mammals,Yes,Q1833639,Yes,Yes,Yes,No
Thylamys velutinus,Mammals,Yes,Q194988,Yes,Yes,Yes,No
Leontopithecus chrysomelas,Mammals,Yes,Q775442,Yes,Yes,Yes,No
Saguinus bicolor,Mammals,Yes,Q232625,Yes,Yes,Yes,No
Callithrix jacchus,Mammals,Yes,Q838947,Yes,Yes,Yes,No
Callithrix penicillata,Mammals,Yes,Q998685,Yes,Yes,Yes,No
Mico argentatus,Mammals,Yes,Q20873581,Yes,Yes,Yes,No
Mico humeralifer,Mammals,Yes,Q20890524,Yes,Yes,Yes,No
Saimiri ustus,Mammals,Yes,Q281736,Yes,Yes,Yes,No
Plecturocebus stephennashi,Mammals,Yes,Q56121414,Yes,Yes,Yes,No
Plecturocebus moloch,Mammals,Yes,Q56116672,Yes,Yes,Yes,No
Plecturocebus cinerascens,Mammals,Yes,Q56116539,Yes,Yes,Yes,No
Plecturocebus hoffmannsi,Mammals,Yes,Q56120547,Yes,Yes,Yes,No
Plecturocebus baptista,Mammals,Yes,Q56088164,Yes,Yes,Yes,No
Plecturocebus bernhardi,Mammals,Yes,Q56088181,Yes,Yes,Yes,No
Cheracebus regulus,Mammals,Yes,Q56121011,Yes,Yes,Yes,No
Pithecia albicans,Mammals,Yes,Q125667067,Yes,Yes,No,No
Mico acariensis,Mammals,Yes,Q20873589,Yes,Yes,Yes,No
Mico mauesi,Mammals,Yes,Q20888577,Yes,Yes,Yes,No
Callibella humilis,Mammals,Yes,Q20888571,Yes,Yes,Yes,No
Mico emiliae,Mammals,Yes,Q21073205,Yes,Yes,Yes,No
Mico saterei,Mammals,Yes,Q20890485,Yes,Yes,Yes,No
Saguinus martinsi,Mammals,Yes,Q932541,Yes,Yes,Yes,No
Sapajus robustus,Mammals,Yes,Q6121681,Yes,Yes,Yes,No
Chiropotes utahickae,Mammals,Yes,Q1209234,Yes,Yes,Yes,No
Alouatta discolor,Mammals,Yes,Q1207240,Yes,Yes,Yes,No
Pithecia chrysocephala,Mammals,Yes,Q20687107,Yes,No,Yes,Yes
Pithecia vanzolinii,Mammals,Yes,Q20721751,Yes,Yes,Yes,No
Rhipidomys emiliae,Mammals,Yes,Q1760861,Yes,Yes,Yes,No
Oxymycterus amazonicus,Mammals,Yes,Q1760924,Yes,Yes,Yes,No
Trinomys gratiosus,Mammals,Yes,Q1761430,Yes,Yes,Yes,No
Kerodon acrobata,Mammals,Yes,Q1761800,Yes,Yes,Yes,No
Neusticomys ferreirai,Mammals,Yes,Q2032370,Yes,Yes,Yes,No
Sapajus flavius,Mammals,Yes,Q28154779,Yes,Yes,Yes,No
Akodon mystax,Mammals,Yes,Q1762412,Yes,Yes,Yes,No
Phyllomys mantiqueirensis,Mammals,Yes,Q646010,Yes,Yes,Yes,No
Marmosops paulensis,Mammals,Yes,Q194992,Yes,Yes,Yes,No
Mesomys occultus,Mammals,Yes,Q1762627,Yes,Yes,Yes,No
Trinomys mirapitanga,Mammals,Yes,Q1762946,Yes,Yes,Yes,No
Xeronycteris vieirai,Mammals,Yes,Q348873,Yes,Yes,Yes,No
Alouatta nigerrima,Mammals,Yes,Q456535,Yes,Yes,Yes,No
Oligoryzomys moojeni,Mammals,Yes,Q2161962,Yes,Yes,Yes,No
Sapajus libidinosus,Mammals,Yes,Q28154786,Yes,Yes,Yes,No
Thrichomys inermis,Mammals,Yes,Q1764000,Yes,Yes,Yes,No
Rhipidomys cariri,Mammals,Yes,Q2547766,Yes,Yes,Yes,No
Oecomys catherinae,Mammals,Yes,Q1763442,Yes,Yes,Yes,No
Phyllomys lundi,Mammals,Yes,Q1765080,Yes,Yes,Yes,No
Trinomys eliasi,Mammals,Yes,Q1764880,Yes,Yes,Yes,No
Trinomys yonenagae,Mammals,Yes,Q686037,Yes,Yes,Yes,No
Cacajao ayresi,Mammals,Yes,Q141453,Yes,Yes,Yes,No
Oligoryzomys rupestris,Mammals,Yes,Q2319334,Yes,Yes,Yes,No
Brucepattersonius soricinus,Mammals,Yes,Q1765296,Yes,Yes,Yes,No
Ctenomys flamarioni,Mammals,Yes,Q1765606,Yes,Yes,Yes,No
Microakodontomys transitorius,Mammals,Yes,Q899141,Yes,Yes,Yes,No
Trinomys paratus,Mammals,Yes,Q1765906,Yes,Yes,Yes,No
Cerradomys marinhus,Mammals,Yes,Q1768036,Yes,Yes,Yes,No
Coendou roosmalenorum,Mammals,Yes,Q28155031,Yes,Yes,Yes,No
Cavia intermedia,Mammals,Yes,Q1766902,Yes,Yes,Yes,No
Trinomys moojeni,Mammals,Yes,Q1766462,Yes,Yes,Yes,No
Cryptonanus agricolai,Mammals,Yes,Q194385,Yes,Yes,Yes,No
Juliomys rimofrons,Mammals,Yes,Q1766659,Yes,Yes,Yes,No
Ctenomys lami,Mammals,Yes,Q1767339,Yes,Yes,Yes,No
Echimys vieirai,Mammals,Yes,Q2045217,Yes,Yes,Yes,No
Thylamys karimii,Mammals,Yes,Q194985,Yes,Yes,Yes,No
Calomys tocantinsi,Mammals,Yes,Q1768431,Yes,Yes,Yes,No
Phyllomys kerri,Mammals,Yes,Q1768719,Yes,Yes,Yes,No
Calomys expulsus,Mammals,Yes,Q1768782,Yes,Yes,Yes,No
Phyllomys medius,Mammals,Yes,Q1768956,Yes,Yes,Yes,No
Cryptonanus guahybae,Mammals,Yes,Q593587,Yes,Yes,Yes,No
Wiedomys cerradensis,Mammals,Yes,Q4033672,Yes,Yes,Yes,No
Phyllomys pattoni,Mammals,Yes,Q1769880,Yes,Yes,Yes,No
Mico rondoni,Mammals,Yes,Q1187101,Yes,Yes,Yes,No
Oxymycterus dasytrichus,Mammals,Yes,Q1770196,Yes,Yes,Yes,No
Ctenomys ibicuiensis,Mammals,Yes,Q19609343,Yes,Yes,Yes,No
Coendou speratus,Mammals,Yes,Q14942983,Yes,Yes,Yes,No
Drymoreomys albimaculatus,Mammals,Yes,Q21259543,Yes,Yes,Yes,No
Rhipidomys ipukensis,Mammals,Yes,Q20061046,Yes,Yes,Yes,No
Phyllomys sulinus,Mammals,Yes,Q19716235,Yes,No,Yes,Yes
Rhipidomys itoan,Mammals,Yes,Q19746244,Yes,Yes,Yes,No
Rhipidomys tribei,Mammals,Yes,Q19746359,Yes,Yes,Yes,No
Plecturocebus vieirai,Mammals,Yes,Q50863,Yes,Yes,Yes,No
Saguinus ursulus,Mammals,Yes,Q15843769,Yes,No,Yes,Yes
Saimiri collinsi,Mammals,Yes,Q18650090,Yes,Yes,Yes,No
Coendou baturitensis,Mammals,Yes,Q21251290,Yes,Yes,Yes,No
Sylvilagus brasiliensis,Mammals,Yes,Q856610,Yes,Yes,Yes,No
Dryadonycteris capixaba,Mammals,Yes,Q3715585,Yes,Yes,Yes,No
Lonchophylla peracchii,Mammals,Yes,Q15918673,Yes,Yes,Yes,No
Eptesicus taddeii,Mammals,Yes,Q626683,Yes,Yes,Yes,No
Dasyprocta croconota,Mammals,Yes,Q81849799,Yes,Yes,Yes,No
Dasyprocta iacki,Mammals,Yes,Q31073016,Yes,Yes,Yes,No
Thrichomys laurentius,Mammals,Yes,Q21075085,Yes,Yes,Yes,No
Monodelphis americana,Mammals,Yes,Q194466,Yes,Yes,Yes,No
Coendou prehensilis,Mammals,Yes,Q688610,Yes,Yes,Yes,No
Brucepattersonius griserufescens,Mammals,Yes,Q1764172,Yes,Yes,Yes,No
Plecturocebus miltoni,Mammals,Yes,Q124052793,Yes,Yes,Yes,No
Sylvilagus tapetillus,Mammals,Yes,Q40698478,Yes,No,Yes,Yes
Saguinus niger,Mammals,Yes,Q672895,Yes,Yes,Yes,No
Mico munduruku,Mammals,Yes,Q66087868,Yes,Yes,Yes,No
Cyclopes xinguensis,Mammals,Yes,Q51316452,Yes,No,Yes,Yes
Cheracebus torquatus,Mammals,Yes,Q56121464,Yes,Yes,Yes,No
Bradypus torquatus,Mammals,Yes,Q301051,Yes,Yes,Yes,No
